10th Dist. A.C.|10th District A.C.|
111th Ambulance|
11th Cavalry|
1st Infantry|
1stTexasArtillery|
20th Infantry|
260th Coast Artil|260th Coast Artillery|
2nd TX 132nd Inf|2nd Texas 132nd Infantry|
362nd Infantry|
3rd Army Corps|
5th Division|
63rd Infantry|
9th Amry Corps|
AL Huntsville|AL Hunstville|Alabama Huntsville|UAH|
AL Presbyterian|Alabama Presbyterian|
AU Puerto Rico|
Abilene Christian|Abeline Christian|Albilene Christian|Abilene Ch|Abilene Chr|
Abilene Field|
Academy of Art|
Active Football|Active Football Club|
Adams St.|Adams St|Adams State|
Adelbert|
Adelphi|
Adrian|
Afghanistan|Afghanistan National Team|
Air Force|
Akron-Wayne|Akron-Wayne College|
Akron|
UAB|Ala.-Birmingham|Al Birmingham|Ala Birmingham|Alabama-Birm|Alabama-Birmingham|Alabama-Birm.|
Alabama A&M|
Alabama Medical|
Alabama Southern|
Alabama St.|Alabama St|Alabama State|
Alabama|
Alameda Coast Grd|Alameda Coast Guard|
Alameda NAS|
Alaska Anchorage|Ala Anchorage|AK Anchorage|Alas. Anchorage|
Alaska|Alaska Fairbanks|Ala Fairbanks|AK Fairbanks|
Albany (NY)|Albany, N.Y.|Albany (NY)|Albany|Albany, NY|Albany NY|SUNY-Albany|UAlbany|
Albany Pharmacy|Albany College of Pharmacy|
Albany State (GA)|Alanym, Ga.|Albany St.|Albany State|Albany, GA|Albany GA|Albany St., Ga.|Albany-Georgia|Albany St|
Albertson|
Albertus Magnus|Albertus|
Albion|
Albright|
Albuquerque Field|
Alcorn State|Alcorn St|Alcorn|
Alderson-Broaddus|Ald-Broaddus|
Alfred U|Alfred|
Alfred State|Alfred St|
Alice Lloyd|Alice Lloyd (Ky.)|Alice Lloyd College|
Allegheny|
Allen|Allen University|
Alliance|
Alma|Alma College|
Altoona A.C.|
Alvernia|
Amarillo Field|
American Intl.|American Intl|American Int'l|American International|American Int'l.|AIC|
American Legion|
American Medical|
American|American Univ|American University|American U.|
Amherst YMCA|
Amherst|
Anaconda Anodes|
Anderson (IN)|Anderson, Ind.|
Anderson (SC)|Anderson, S.C.|Anderson College|Anderson College (SC)|Anderson|
Andover|
Angelo St.|Angelo St|Angelo State|
Anna Maria|
Appalach. Bible|Appalachian Bible|
Appalachian St.|Apalachian St|Appalachian State|Appalachian St|Appalachian|Appalachain State|App State|
Aquinas (MI)|Aquinas|
Arcadia|Beaver|
Arizona All-Stars|
Arizona St.|Arizona State|Arizona St|
Arizona|
Ark Monticello|Ark.-Monticello|Arkansas-Monticello|Ark-Monticello|Ark-Monticllo|Arkansas Monticello|Arkansas-Montcello|
Ark Pine Bluff|Ark.-Pine Bluff|Ark-Pne Bluf|Arkansas-Pine Bluff|Arkansas Pine-Bluff|Pine Bluff|
Arkansas A&M|
Arkansas Baptist|Ark Baptist|
Arkansas FS|Arkansas Fort Smith|Ark.-Fort Smith|UA Fort Smith|
Little Rock|Arkansas LR|Arkansas Little Rock|Ark-Little Rock|Arkansas Ltl Rock|UALR|
Arkansas St.|Arkansas St|Arkansas State|
Arkansas Tech|Arkasas Tech|
Arkansas|
Armour|
Armstrong Atl|ArmstrongAtlantic|Armstrong Atlantic State|Armstrong Atlantic St.|Armstrong Atlantic|Armstrong St.|Armstrong State|
Army Ambulance|Army Ambulance Corps|
Army|Army West Point|
Asbury|Asbury (KY)|Asbury College|
Ashland|
Assumption|
Athens A.C.|
Athens State|Athens St.|Athens State University|
Athens|
ATL Chr.|Atlanta Christian|Atlanta Chr|
ATL Chr. Col.|Atlanta Christian College|Atlanta College|
Atlantic City NAS|
Atlantic Union|Atlantic Union (MA)|
Atlantic Chr.|AtlanticChristian|
Auburn Montgomery|Aub.-Montgomery|
Auburn|
Augsburg|
Augusta|Georgia Regents|Augusta State|Augusta St.|GRU Augusta|
Augustana (IL)|Augustana,Ill.|Augustana (Ill.)|Augustana, IL|Augustana IL|Augustana, Ill.|Augustana College|
Augustana (SD)|Augustana,S.D.|Augustana|Augustana, SD|Augustana SD|Augustana, S.D.|
Aurora|
Austin Col.|Austin College|Austin|Austin Col|
Austin Peay|Austin Peay State|Austin Peay State University|
Averett College|Averett|
Avila|
Azusa Pacific|Azuza Pacific|
BYU Hawaii|Brigham Young-Hawaii|
Babson|
Bacone|
Bailey Military|
Bainbridge NTS|
Baker|Baker KS|Baker Wildcats|
Balboa NTS|
Baldwin-Wallace|
Ball St.|Ball State|Ball St|
Ballard Meteors|
Baltimore A.C.|
Baltimore|
Clarks Summit|Summit|Bap Bible PA|Baptist Bible|
Bap Bible MO|Bible Baptist|Baptist Bible (Mo.)|
Baptist Christian|
Barat|Barat College|
Barber-Scotia|
Bard|
Barksdale Field|
Barron Field|
Barry|
Bartlesville Wsln|Bartlesville Wesleyan|
Barton|Barton College|
Baruch|
Bates|
Baylor|
Beaumont Hospital|
Becker|
Belhaven|Belhaven MS|Belhaven College|
Bellarmine|Bellarmine Univeristy|
BellefonteAcademy|
Bellevue|Bellevue (NE)|Bellevue (Neb.)|
Belmont Abbey|
Belmont|Belmont A.C.|
Beloit High|
Beloit|
Bemidji St.|Bemidji St|Bemidji State|
Benedictine (KS)|Benedictine,Kan.|Benedictine (KAN)|Benedictine KS|Benedictine, Kans.|
Benedict|Benedict College|Benedict (SC)|
Bennett Medical|
Bentley|Bentley College|Bentley (MA)|
Berea|Berea (Ky.)|Berea College|
Berg Field|
Bergstrom Field|
Berkeley A.C.|
Berkeley College|Berkeley (NY)|Berkeley|Berkley|Berkekey College, NY|Berkeley College, NJ|Berkeley College (NY)|Berkeley (N.J.)|
Berry College|Berry|
Bethany, Cal.|Bethany (CA)|Bethany (Calif.)|
Bethany (KS)|Bethany, Kan.|Bethany (Kansas)|Bethany KS|Bethany, Kans.|
Bethany,W.Va.|Bethany|Bethany-WV|Bethany (WV)|Bethany, WV|Bethany WV|Bethany, W.Va.|Bethany (West Virginia)|
Bethel, Ind.|Bethel College (IN)|Bethel (IN)|
Bethel, Kan.|Bethel (Kansas)|Bethel KS|Bethel, Kans.|
Bethel, Minn.|Bethel (Minn.)|Bethel, MN|Bethel MN|Bethel|Bethel College|
Bethel (TN)|Bethel TN|Bethel Tennessee|Bethel, Tenn.|
Bethune-Cookman|Bethune-Cook|Bethune Cookman|
Binghamton|Binghamton-NY|
Bingham|
Biola|Biola University|Biola (Calif.)|
Birmingham High|
Birmingham South.|Birmingham Southern|Birmingham Sou|Birmingham So|
Bishop|
Black Hills St.|Black Hills St|Black Hills State|
Blackburn|
Blackland Field|
Bloomfield|Bloomfield College|Bloomfield (NJ)|
Bloomsburg|Bloomsburg at|Bloomsb'g|Bloomburg|
Bluefield St.|Bluefield State|Bluefield VA|
Bluefield|Bluefield College|Bluefield Col.|Bluefield WV|Bluefield Coll.|Bluefield St WV|
Bluffton|
Bogue Field|
Boise St.|Boise St|Boise State|
Bolling AFB|
Boston A.C.|
Boston College|Boston Coll|
Boston Engl. High|Boston English High|
Boston Latin High|
Boston U.|Boston Univ|Boston University|Boston U|Boston|
Boulder High|
Bowdoin|
Bowie St.|Bowie St|Bowie State|
Bowling Green|Bowling Grn|Bowling Green State|
Bradford|
Bradley|
Brandeis|
Bremerton Navy|
Brescia|Brescia (Ky.)|
Brevard|Brevard College|Brevard, N.C.|
Brewton-Parker|Brewton Parker College|Brewton-Parker Barons|
Briarcliffe (NY)|Briar Cliff College|Briarcliffe|Briarcliffe College|
Briar Cliff (IA)|Briar Cliff|Briar Cliff (Iowa)|
Bridgeport|
Bridgewater,Mass.|Bridgewater (MA)|Bridgewater, MA|Bridgewater MA|Bridgewater, Mass.|Bridgewater St., Mass.|Bridgewater State|Bridgewater St MA|Bridgewater St|
Bridgewater,Va.|Bridgewater|Bridgewater-VA|Bridgewater (VA)|Bridgewater, VA|Bridgewater VA|Bridgewater, Va.|
Brigham Young|Brigham Young U.|BYU|B-Y-U|
Brit Columbia|British Columbia|
Britannia|
Brockport St.|Brockport St|Brockport|Brockport State|SUNY-Brockport|
Brooklyn|Brooklyn Col|Brooklyn College|
Brown|
Bryan Field|
Bryant College|Bryant|
Bryan|Bryan College|
Bryson|
Bucknell|
Buena Vista|
Buffalo St.|Buffalo St|Buffalo State|
Buffalo|
Bunker Hill CC|Bunker Hill Community College|Bunker Hill|
Bunker Hill Navy|
Burleson|
Burlingame|
Butler YMCA|
Butler|
Butte A.C.|
C.M.T.S.|
CO College Alumni|Colorado College Alumni|
CO Springs Field|Colorado Springs Field|
CO Springs High|Colorado Springs High|
CSU Maritime|CSU Maritime Academy|Cal Maritime|California Maritime|Cal State Maritime|
CSU-Bakersfield|Cal State-Bakersfield|CS Bakersfield|Cal St. Bakersfield|
CS Dom. Hills|CSU-DominguezHill|Cal St DomHill|Cal St. Dominguez Hill|Cal State Dominguez Hills|CS Dominguez Hills|CSU-Dominguez Hills|Cal State-Dominiguez Hills|Cal St Dominguez Hills|Cal St.-Dom. Hills|
CSU-Fullerton|Fullerton State|CS Fullerton|Cal St. Fullerton|Cal State Fullerton|
CSU-East Bay|CSU-Hayward|Cal State-Hayward|Cal St Hayward|Cal St. Hayward|Cal State-East Bay|California State-East Bay|Cal St. East Bay|
CSU-Los Angeles|Cal State-Los Angeles|Cal State L.A.|Cal St. LA|Cal St. Los Angeles|
CSU-Monterey Bay|Cal State-Monterey Bay|Cal State-Monterey|Cal St MonBay|Cal St. Monterey Bay|Cal St. MonBay|CS Monterey Bay|Cal-Monterrey|
CSU-Northridge|Northridge State|Cal State-Northridge|CS-Northrdge|California St-Northridge|CS-Northridge|Cal St. Northridge|Northridge|
CSU-SanBernardino|CSU-San Bernardino|Cal State-San Bernardino|CS San Bernardino|Cal St. San Bdino|Cal St. San Bernadino|Cal St. San Bernardino|Cal St.-San Bern.|CS San Bern.|
Stanislaus St|CSU-Stanislaus|Cal State-Stanislaus|CS Stanislaus|Cal St. Stanislaus|Stanislaus State|
Cabrini|
Cal Baptist|Calif. Baptist|California Baptist|CA Baptist|
Cal Lutheran|California Lutheran|
Cal Poly-Pomona|California Poly Pomona|CS Poly Pomona|
Cal Poly-SLO|Cal Poly SLO|Cal Poly-San Luis Obispo|California Polytechnic|CS-San Luis Obispo|Cal Poly|
Cal Santa Barbara|Santa Barbara|UC Santa Barbara|UCSB|California-Santa Barbara|UC Santa Barb.|
Cal Santa Cruz|UC Santa Cruz|California-Santa Cruz|
Caldwell|
Calif. All-Stars|California All-Stars|
California Tech|CalTech
California, Pa.|California (Pa)|California (Pa.)|California, PA|California PA|California (Pennsylvania)|California (Penn.)|
California|California Berkeley|Cal|
Caltech|
Calumet|Calumet College of St. Joseph|CCSJ|Calumet (IN)|Calumet (Ind.)|Calumet College|Calumet-St. Joseph|Calumet Col.|
Calvary Bible|Calvary|
Calvin|
Cameron|
Camp Adams|
Camp Baker|
Camp Beale|
Camp Benning|
Camp Blanding|
Camp Bragg|
Camp Davis|
Camp Des Moines|
Camp Devens|
Camp Dodge|
Camp Doniphan|
Camp Douglas|
Camp Funston|
Camp Gordon|
Camp Grant|
Camp Greene|
Camp Greenleaf|
Camp Griffin|
Camp Haan|
Camp Hancock|
Camp Harrison|
Camp Humphreys|
Camp Jackson|
Camp Kilmer|
Camp Lee|
Camp Lejeune|
Camp Logan|
Camp Lyons|
Camp Mabry|
Camp MacAurthur|
Camp MacDowell|
Camp McColl|
Camp McPherson|
Camp Oglethorpe|
Camp Pendleton|
Camp Perry|
Camp Pickett|
Camp Pike|
Camp Polk|
Camp Riley|
Camp Russell|
Camp Sevier|
Camp Shelby|
Camp Sheridan|
Camp Sherman|
Camp Taylor|
Camp Travis|
Camp Wadsworth|
Campbellsville|Campbellsville Somerset|Campbellsville Harrods|Campbellsville University Harrodsburg|Campbellsville Harrodsburg|Campbellsville H'burg|
Campbell|
Campello|
Canada All-Stars|
Canisius|
Capital|
Cardinal Stritch|Card Stritch|
Carleton-St. Olaf|
Carleton|Carleton College|Carleton MN|
Carlisle|
Carlstrom Field|
Carnegie-Mellon|Carnegie Mellon|Carnegie Tech|
Carroll (MT)|Carroll, Mont.|Carroll (Montana)|
Carroll (WI)|Carroll, Wis.|Carroll (Wisc)|Carroll, WI|Carroll WI|Carroll|
Carruthers Field|
Carson-Newman|Carson Newman|
Carswell AFB|
Carthage|Carthage College|
Carver Bible|Carver (GA)|Carver|Carver Bible College|
Casa Blanca|Casa Blanca Indians|
Cascade|
Case Reserve|Case Western|Case Western Reserve|CWRU|
Case|
Castle Heights|
Castleton State|Castleton St.|Castleton State (VT)|Castleton|VTSU Castleton|
Catawba|Catawba College|
Catholic U.|Catholic|Catholic U|
Cazenovia|
Cedar Falls|Cedar Falls Teachers|
Cedarville|
Cent. Arkansas|Cntl Arkansas|Central Arkansas|Cent Arkansas|Univ. of Central Arkansas|Central Ark.|
UCF|Cent. Florida|Central Florida|Central FL|Central Flor|Central Fla|
Cent. MaineTech|Central Maine Tech|Central Maine CC|
Cent. Methodist|Central Methodist|Cent Methodist|
Cent. Michigan|Central Michigan|Central Mich|C. Michigan|
Cent. Missouri|Central Missouri State|Central Mo. State|Cent Missouri|Central Missouri St.|Central Missouri St|CentralMissouri|C. Missouri St.|Central Missouri State U.|C Missouri|
Cent. Oklahoma|Central Oklahoma|Cent Oklahoma|Central St. Oklahoma|C Oklahoma|Central Okla|
Central St. OH|Central State|Central State (OH)|Central St.(Ohio)|Cent. St., Ohio|Central St-Ohio|Central State-Ohio|Central St|
Cent. Washington|Central Wash|Central Washington|Central Wash.|Cent Washington|C Washington|
Centenary (LA)|Centenary|
Centenary (NJ)|Centenary (N.J)|Centenary College|
Centerville|Centerville (Butte)|
Central (Iowa)|Central College|Cent. Iowa|Central Iowa|Central, Iowa|Central(IA)|Central|
Central (KY)|Central (Kentucky)|
Central Bible|Central (MO)|Central Bible (Mo.)|
Central Baptist|Central Baptist College|Central Bap|Central Baptist (Ark.)|
Central Christian|Central Christian (KS)|Central Christian (Kan.)|
Central Conn. St.|Cent. Connecticut St.|Central Connecticut|Central Connecticut State|Cnt Conn St|Central Conn.|Central Connecticut St.|CentralConnState|Cent Conn|Cent. Conn. St.|
Centre|Centre College|
Chadron St.|Chadron St|Chadron State|Chadron State College|Chaldron State|
Chamberlain Hunt|
Chaminade|
Chanute Field|
Chapman|
Charleston (WV)|Charleston (W.Va.)|
Charleston CstGrd|Charleston Coast Guard|
Charleston Navy|
Charleston South.|Charleston Southern|Char Southern|Charleston So.|Charleston Sou|
Charlotte|UNC Charlotte|
Chatham Field|
Chemawa|
CherryPnt Marines|Cherry Point Marines|
Cheyenne High|
Cheyney|Cheyney State|CheyneySt|
Chi. Dining Club|Chicago Dining Club|
Chicago A.C. 2nds|Chicago A.C. Seconds|
Chicago A.C.|
Chicago Alumni|
Chicago College|
Chicago Dental|
Chicago Medical|
Chicago Reserves|
Chicago State|Chicago St.|
Chicago Univ Club|Chicago University Club|
Chicago YMCA|
Chicago|UChicago|
Chick Springs Mil|Chick Springs Military|
CS Chico|Chico State|Cal State Chico|Chico St.|CSU-Chico|Cal St. Chico|
Chilocco|
Chowan|
Christ. Heritage|Christian Heritage|Chr Heritage|
Christian Bros.|ChristianBrothers|Chr Brothers|
Christphr Newport|Christopher Newport|Chris. Newport|C Newport|
Cinc.-Clermont|Cincinnati-Clermont|UC Clermont|Cin Clermont|
Cincinnati|
Citadel|The Citadel|Citadel, The|
City College NY|City College of New York|CCNY|City Col NY|CC of New York|City College of New Yo|City College of New|
Claflin|
Claremont-Mudd|Claremont-Mudd-Sc|Claremont-Mudd-Scripps|Claremont|Claremont-MS|
Clarion|Clarion (PA)|ClarionSt|
Clark Atlanta|Clark (GA)|
Clarke College|Clarke|Clarke (IA)|Clarke University|
Clarkson|
Clark|Clark (MA)|Clark (Mass.)|Clark U.|
Clayton State|Clayton C&S|Clayton College & State|Clayton St|
Clemson Freshmen|
Clemson|
Cleveland St.|Cleveland State|
Coast Guard|US Coast Guard|U.S. Coast Guard Academy|
Coastal Carolina|Coast Carolina|Coastal Car|Coastal Caro.|
Coe|Coe College|
Coker|
Charleston|Col. Charleston|Charleston (SC)|Col of Charleston|College of Charleston|Coll of Charltn|Coll of Charleston|College of Charlesto|
Colby-Sawyer|
Colby|
Colgate|
College of Ozarks|College of the Ozarks|Ozarks (Mo.)|
Colorado Alumni|
UCCS|Colorado CS|Col. Colorado Springs|Colorado-Colorado Springs|CU-Colorado Springs|Col Springs|Colorado Colo Springs|Colo.-Colorado Springs|UC-Colo. Spgs.|Colo.-Colo. Springs|
Colorado Chr.|Colorado Chr|Colorado Christ.|Colorado Christian|Colo. Christian|
Colorado Col.|Colorado College|Colorado Col|
Colorado Mines|Colorado School of Mines|Colo. School of Mines|Colo. Sch. of Mines|
Colorado St Frosh|Colorado State Freshmen|
Colorado St.|Colorado State|Colorado St|Colorado State College|
CSU-Pueblo|Southern Colorado|Colorado State-Pueblo|Colorado St-Pueblo|Colorado-Pueblo|
Colorado|
Columbia (Dubg)|
Columbia (Oregon)|
Columbia A.C.|
Columbia Alumni|
Columbia College|Columbia College (MO)|Columbia (MO)|
Columbia Law|
WA Adventist|Columbia Union|Columbia Union College|Washington Adventist|Washington Advt|
Columbia YMCA|
Columbia|Columbia, N.Y.|
Columbus State|Columbus St.|
Comp. I Marinette|Company I Marinette|
Concordia (AL)|Concordia (Ala.)|Concordia-Selma|Concordia College Alabama|
Concordia (CA)|Concordia (Calif.)|Concordia-Irvine|Concordia (Cal.)|
Concordia (IL)|Concordia, Ill.|Concordia (Ill.)|Concordia, IL|Concordia IL|Concordia-Chicago|
Concordia (MI)|Concordia (Mich.)|Concordia, Ann Arbor|Concordia College (M|
Concordia (MN)|Concordia, St.P.|Concordia-St.Paul|Concordia StP|Concordia, St. Paul|Concordia, Saint Paul|Concordia,MN|Concordia SP|Concordia University S|Concordia College MN|
Concordia (MO)|Concordia Seminary|Concordia-St. Louis|Concordia Seminary St. Louis|
Cncrdia-Mhd|Concordia (Mhead)|Concordia, Moor.|Concordia(Moorhd)|Concordia, Moorhead|Concordia Mhead|Concordia Mhd|Concordia (Minn.)|
Concordia (NE)|Concordia, Neb.|Concordia (NEB)|Concordia NE|Concordia-Nebraska|
Concordia (NY)|Concordia, NY|Concordia (N.Y.)|Concordia College NY|
Concordia (OR)|Concordia (Ore.)|Concordia-Portland|Concordia University|
Concordia (TX)|Concordia (Texas)|Concordia-Austin|
Concordia (WI)|Concordia, Wis.|Concordia (Wisc)|Concordia, WI|Concordia WI|Concordia University W|Concordia Wisconsin|
Concord|Concord College|
Connecticut Coll|Connecticut College|CT College|
Connecticut|UConn|
Conway Hall|
Cooper Union|CooperUnion|
Coppin State|Coppin St.|
Cornell (IA)|Cornell, Iowa|Cornell (Iowa)|Cornell, IA|Cornell IA|Cornell College|
Cornell|Cornell, N.Y.|
Cornerstone|
Corpus ChristiNAS|Corpus Christi NAS|Corpus Christ NAS|
Corpus Christi|
Cortland St.|Cortland St|Cortland|Cortland State|SUNY-Cortland|
Covenant|
Creighton|
Crescent A.C.|
Chrichton|Crichton|
Crown|Crown, Minn.|Crown,MN|Crown College|
Culver-Stockton|
Culver|
Cumberland (KY)|Cumberland KY|Cumberland|Cumberlands|Cumberland University|Cumberland Universit|Cumberland, Ky.|Cumberlands (Ky.)|
Cumberland, Tenn.|Cumberland-TN|Cumberland (TN)|Cumberland TN|Cumberland College|
Curry|Curry College|
Curtis Bay CstGrd|Curtis Bay Coast Guard|
D'Youville|D'Youville College|DYouville|
D.C.|District of Columbia|DC|UDC|Dist. Columbia|
Daemen|Daemen College|Daemen (NY)|
Dahlonega|
Dakota St.|Dakota St|Dakota State|
Dakota Wesleyan|Dakota Weslyn|South Dakota Wesleyan|
Dalhart Field|
Dallas|University of Dallas|Dallas Univ|
Dallas Baptist|Dallas Bap|DBU|
Dallas Christian|Dallas Chr|Dallas Christian College|
Dana|Dana College|
Daniel Baker|
Daniel Field|
Daniel Webster|
Dartmouth|
Davidson|
Davis & Elkins|Davis and Elkins|
Dayton|
DePaul|
DePauw|
DeSales|
Dean Academy|Dean College|Dean|
Decatur Baptist|
Defiance|
Del Monte Pre-Fl|Del Monte Pre-Flight|
Delaware St.|Delaware St|Delaware State|
Delaware Val.|Delaware Valley|
Delaware|
Delta St.|Delta St|Delta State|
Denison|
Denver A.C.|
Denver Alumni|
Denver Freshmen|
Denver ManualHigh|
Denver|
Des Moines|
DesMoines Baptist|
Detroit A.C.|
Detroit Independ.|Detroit Independents|
Detroit Mercy|Detroit|
Dickinson St.|Dickinson St|Dickinson State|Dickinson St., N.D.|
DickinsonSeminary|
Dickinson|Dickinson, Pa.|DickinsonCol|
Dillard|
Utah Tech|Dixie State|Dixie|Dixie St.|
Dixon|
Doane|
Dominican (CA)|Dominican (Calif.)|Dominican (Cal.)|Domincan (Calif.)|Domincian (Calif.)|
Dominican (IL)|Dominican (Ill.)|
Dominican College|Dominican (NY)|Domincan (NY)|Dominican College NY|
Dordt|
Dowling|
Drake Alumni|
Drake|
Drew|
Drexel|
Drury|
Dubuque|
Duke|
Duquesne A.C.|
Duquesne Country|Duquesne Country & Ag.|
Duquesne|
Durant Teachers|
E. Cent. Oklahoma|East Central Oklahoma|E. Central Okla.|E. Central U.|East Central U|East Central (Okla.)|East Central|East Central OK|
E. Connecticut St|Eastern Connecticut|E. Connecticut|Eastern Connecticut State|
E. Illinois|Eastern Illinois|Eastern IL|Eastern Ill|
E. Kentucky|Eastern Kentucky|Eastern KY|
E. Maine CC|E. Mainetech|Eastern MaineTech|Eastern Maine Tech|Eastern Maine CC|
E. Michigan|Eastern Michigan|Eastern Mich|
E. Nazarene|Eastern Nazarene|
E. New Mexico|Eastern New Mexico|East. New Mexico|E New Mexico|Eastern NM|
E. Oregon|E Oregon St|Eastern Oregon|Eastern Ore.|
E. Syracuse A.A.|East Syracuse A.A.|
E. Tennessee St.|E. Tennessee State|East Tennessee St.|East TN State|East Tenn St|East Tennessee State|East Tenn. State|East Tennessee|ETSU|
E. Texas Baptist|East Texas Baptist|E Texas Bap|East Tex Baptist|
E. Washington|Eastern WA|Eastern Wash|Eastern Washington|East. Washington|
Earlham|
East Arizona J.C.|Eastern Arizona J.C.|
East Carolina|Est Carolina|
East Denver High|
East Stroudsburg|E Stroudsburg|
East-West (IL)|East-West University|East/West|East-West U.|
Eastern (VA)|Eastern (Virginia)|Eastern|Eastern College|Eastern Univ|Eastern U|
E Mennonite|Eastern Mennonite|
Eckerd|
Edgewood|
Edinboro|Edinboro(PA)|
Edmond Tech|
Edmonton Field|
Edward Waters|
El Paso Nat Guard|El Paso National Guard|
El Toro Marines|
Elgin Academy|
Eliz. City St.|Elizabeth City St.|Elizabeth City State|Elizabeth City St|Elizabeth City|
Elizabeth A.C.|
Elizabethtown|
Ellensburg|Ellenburg|
Ellington Field|
Ellsworth|
Elmhurst|
Elmira|
Elms|
Elon College|Elon|
Embry-Riddle (AZ)|Embry Riddle (Ariz.)|
Embry-Riddle (FL)|Embry-Riddle (Fla.)|Embry Riddle|
Emerson|
Emmanuel (GA)|Emmanuel|
Emmanuel (MA)|Emmanuel (Mass.)|
Emory & Henry|Emory-Henry|Emory and Henry|
Emory|Emory University|
Emporia St.|Emporia St|Emporia State|Emporia Teachers|Emporia College|
Endicott|Endicott Power|
Englewd-Butte|
Englewood High|
Englewood YMCA|
Englewood|
Epworth|
Erskine|Erskine College|
Eton Players|
Eureka|
Evangel|
Evanston High|
Evansville|
Evergreen St.|Evergreen State|Evergreen|Evergreen State College|
Exeter|
F.A.A.|
FDU-Florham|FDU-Madison|Farleigh Dickinson-Madison|Fairleigh Dickinson-Florham|
Fair. Dickinson|FDU-Teaneck|Fairleigh Dickinson|FDU-Metropolitan|F Dickinson|Fairleigh Dickin.|
Fairfield|
Fairmont St.|Fairmont St|Fairmont State|
Fall River|
Falls Schuylkill|Falls of Schuylkill|
Fanshawe|
Farmingdale|SUNY-Farmingdale|Farmingdale State|Farmingdale St|
Farragut Navy|
Faulkner|
Fayetteville St.|Fayetteville St|Fayetteville State|Fayettteville State|
Felician College|Felician|
Ferris St.|Ferris St|Ferris State|
Ferrum|
Findlay|Findlay Ohio|
Finlandia|Finlandia University|Suomi|Suomi College|
Fishburne M.A.|
Fisk|Fisk University|
Fitchburg St.|Fitchburg St|Fitchburg State|
Fitchburg YMCA|
Five Towns|Five Towns College|
Flagler|Flagler College|
Fleet City|
Florence State|
Florence YMCA|
Florida A&M|FL A and M|Fla A&M|
Florida Atlantic|Fla Atlantic|Florida Atl|FL Atlantic|
Florida College|Florida Col.|
FL Gulf Coast|Florida GulfCoast|Florida Gulf Coast|Fla. Gulf Coast|
Florida Int.|Florida International|Florida Intl|Fla. International|FIU|
Florida Memorial|FL Memorial|Fla. Memorial|
Florida Southern|Fla. Southern|Flroida Southern|FL Southern|
Florida St.|Florida State|Florida St|
Florida Tech|
Florida|
Fontbonne|
Fordham|
Fort Benning|
Fort Bliss|
Fort Bragg|
Fort Douglas|
Fort Hays St.|Fort Hays St|Fort Hays State|
Fort Hood|
Fort Knox|
Fort Lewis|Ft Lewis|
Fort McClelland|
Fort Monmouth|
Fort Monroe|
Fort Ord|
Fort Pierce|
Fort Riley|
Fort Totten|
Fort Valley St.|Fort Valley St|Fort Valley State|
Fort Warren|
Fort Worth|
Foundation|
Framingham St.|Framingham St|Framingham State|
Francis Marion|
Franklin Pierce|
Franklin&Marshall|Franklin & Marshall|Frnkln & Mrshll|Franklin & Marshall (OT)|Franklin and Marshall|Frank & Marsh|
Franklin|Franklin (IND)|Franklin IN|
Frederick|
Fredonia|Fredonia State|SUNY Fredonia|Fredonia St.|
Free Will Baptist|Free Will (TN)|Freewill Baptist|
Free-Hardeman|Freed-Hardeman|
Fremont Ammuntion|
Fresno Pacific|
Fresno St.|Fresno State|Fresno St|
Friends|
Frostburg St.|Frostburg St|Frostburg State|
Furman|
GA Pre-Flight|Georgia Pre-Flight|
Gallaudet|
Galveston Field|
Gannon|
Garden City|
Gardner-Webb|Gardner Webb|Gardner-Webb University|
Geneva|Geneva (PA)|
George Fox|
George Mason|
George Washington|G Washington|Geo Washington|George Wash|
Georgetown, Ky.|Georgetown-KY|Georgetown (KY)|Georgetown KY|Georgetown (Kentucky)|
Georgetown|Georgetown, D.C.|Georgetown (DC)|
Georgia "B"|
Georgia A&M|
Georgia C&S|Georgia College & State|Georgia College|Georgia College and State|Georgia Coll. & St.|Georgia College & St.|
Georgia Medical|
Georgia SW|Georgia Southwestern|Georgia Southwestern State|Ga. Southwestern|
Georgia Southern|GA Southern|Ga. Southern|Geo Southern|Georgia So|
Georgia State|Georgia St.|
Georgia Tech|Georgria Tech|
Georgia|
Gettysburg|
Glenville St.|Glenville St|Glenville State|
Goat Island Navy|
Golden High|
Goldey-Beacom|Goldey Beacom|Goldey-Beacom College|
Gonzaga Alumnii|
Gonzaga|
Gordon|Gordon College|Gordon (MA)|
Goshen|Goshen (IN)|
Goucher|
Grace (IN)|Grace College|Grace|Grace (Ind.)|
Grace Bible (MI)|Grace Baptist|Grace Baptist Bible College|Grace Baptist Bible|Grace (MI)|Grace Bible|Grace Bib|Grace Bible College|Grace Bible (Mich.)|Grace Christian|
Graceland|Graceland (IA)|Graceland (Iowa)|
Grambling St.|Grambling St|Grambling|Grambling State|
Grand Canyon|
Grand Island|
Grand Rapids High|
Grand Valley St.|Grand Valley St|Grand Valley|Grand Valley State|
Grand View|Grand View (IA)|
Granite High|
Great Falls|University of Great Falls|Great Fall|U of Great Falls|
Great Lakes Navy|Great Lakes|
Green Mountain|Green Mountain College|Green Mountain (VT)|Green Mtn|
Greenfield|
Greensboro Field|
Greensboro|Greensboro College|
Greenville Field|
Greenville|Greenville (IL)|
Greer|
Grinnell|
Grove City|
Guilford|
Gustav Adolphus|Gustavus|Gustavus Adolphus|Gustavus Adolph|Gust. Adolphus|G. Adolphus|
Gwynedd-Mercy|
Hahneman Medical|
Hamilton A.C.|
Hamilton|
Hamline|
Hampden-Sydney|Hampton-Sydney|
Hampshire|Hampshire College|
Hampton A.C.|
Hampton Road|
Hampton U.|Hampton|
Hannibal-LaGrange|Hannibal-Lagr|
Hanover|
Hardin-Simmons|
Harding|
Harris-Stowe St.|Harris-Stowe State|Harris-Stowe|
Harrisburg A.C.|
HarryHillman Acad|Harry Hillman Academy|
Hartford|
Hartwick|
Harvard "B"|
Harvard Alumni|
Harvard Freshmen|
Harvard Law|
Harvard|
Haskell Indian|Haskell|Haskell Indian Nations|
Hastings|Hastings College|Hastings State|
Havana A.C.|
Havana University|Havana|
Haverford|
Hawaii All-Stars|Hawaii Stars|
Hawaii Hilo|
Hawaii Pacific|
Hawaii|
Hayward State|Hayward St|
Heidelberg|
Henderson St.|Henderson St|Henderson State|Henderson State University|
Hendrix-Henderson|Hendrix|
Herington Field|
High Point|
Highland Park|
Hilbert|
Hillsdale Baptist|Hillsdale Free Will Baptist|Hillsdale (OK)|Hillsdale FWB|
Hillsdale|Hillsdale (MI)|
Hiram Col.|Hiram|Hiram Col|
Hiwassee|
Hobart|Hobart & Wm.Smith|Hobart/Smith|
Hoboken Navy|
Hofstra|
Holy Cross|
Holy Cross IN|Holy Cross (Ind.)|
Holy Family|
Holy Family WI|Holy Family (Wis.)|Holy Family College (Wisc.)|
Holy Names|Holy Name|
Homestead A.C.|
Hondo Field|
Honolulu Agricul.|Honolulu Agricultural|
Honolulu All-Star|Honolulu All-Stars|
Honolulu|
Hope (MI)|Hope|
Hope Intl. (CA)|Hope Intl.|Hope International|
Hopkinson|
Horner|
Houghton|Houghton College|Houghton White|
Houston Chr.|Houston Christian|Houston Baptist|Houston Bap|
Houston YMCA|
Houston|
Howard Payne|
Howard U.|Howard|
Humboldt St.|Humboldt St|Humboldt State|Humboldt|Cal Poly Humboldt|
Hunter|
Huntingdon|Huntingdon College|Huntingdon AL|
Huntington (IN)|Huntington|Huntington College|Huntington (Ind.)|Huntington University|
Huron|Huron (SD)|
Husson|
Huston-Tillotson|Huston Tillot|
Hyde Park High|
Hyde Park|
IN Alumni & Frosh|Indiana Alumni & Freshmen|
Fort Wayne|IUPU Ft. Wayne|Indiana-Purdue-Fort Wayne|IUPU-Fort Wayne|IPFW|IUPUFW|Purdue Fort Wayne|PFW|
IUPUI|Indiana Purdue-Indianapolis|Ind.-Pur.-Indpls.|IUPU-Indianapolis|
Idaho College|College of Idaho|Col. of Idaho|Coll of Idaho|
Idaho Marines|
Idaho St.|Idaho State|Idaho St|
Idaho|
Benedictine (IL)|Benedictine, IL|Benedictine IL|Benedictine, Ill.|Benedictine|Ill. Benedictine|Benedictine-Springfield|Benedictine-Springfiel|
Illinois Alumni|
Illinois Chicago|Illinois Chi|IL Chicago|UIC|Ill.-Chicago|
Illinois Col.|Illinois College|Illinois Col|
Illinois Medical|
Illinois St.|Illinois State|Illinois St|IL State|
Illinois Tech|Illinois Institute of Technology|IL Tech|
Illinois Weslyn|Illinois Wesleyan|Ill Wesleyan|IL Wesleyan|
Illinois|
Ill.-Springfield|Illinois-Springfield|IL Springfield|
Incarnate Word|UIW|
Indiana Alumni|
Indiana Dabney|Indiana University-Dabney|
Indiana Medical|
Indiana NW|Indiana Northwest|Indiana-Northwest|IU-Northwest|Ind Northwest|Indiana-Northwest Christian|
Indiana So. Bend|IUSB|Indiana South Bend|IU-South Bend|Ind.-South Bend|
Indiana Southeast|Indiana University SE|Indiana SE|IN Southeast|IU Southeast|Ind.-Southeast|
Indiana St.|IN State|Indiana State|Indiana St|
Indiana Tech|Indiana Institute of Technology|
Indiana Wesleyan|Ind. Wesleyan|
Indiana, Pa.|Indiana (Pa.)|IUP|Indiana (PA)|Indiana, PA|Indiana PA|Indiana (Pennsylvania)|Indiana (Penn.)|
IndianapolisArtil|Indianapolis Artillery|
Indianapolis|University of Indianapolis|UIndy|
Indiana|
Intermountain|
Iona|
Iowa Pre-Flight|
Iowa St.|Iowa State|Iowa St|
Iowa Teachers|
Iowa Weslyn|Iowa Wesleyan|
Iowa|
Ithaca|Ithaca College|
Jackson Br.-LA|Jackson Br.-New Orleans|
Jackson Field|
Jackson St.|Jackson St|Jackson State|
Jacksonville FL|Jacksonville, Fla.|Jacksonville (FL)|Jacksonville|
Jacksonville NAS|
Jacksonville St.|Jacksonville St|Jacksonvile St|Jacksonville State|Jacksnvle St|Jacksonville St., Ala.|
James Madison|James Madisn|
Jamestown|Jamestown (ND)|Jamestown College|
Jarvis Christian|Jarvis Chrstian|Jarvis Chr|
Jefferson (Texas)|
Jefferson Medical|
New Jersey City|Jersey City St.|Jersey City St|Jersey City State|NJ City|New Jersey City University|
Jersey Shore|
John Brown|
John Carroll|
John Jay|
Johns Hopkins|
Johnson&Wales|Johnson and Wales|J&W RI|Johnson & Wales (R.I.)|Johnson and Wales (RI)|
Johns&WalesCO|Johnson and Wales (Colo.)|Johnson & Wales (Colo.)|Johnson & Wales CO|Johnson & Wales - Denver|Johnson and Wales CO|Johnson and Wales (D|JWU-Denver|J&W CO|
Johns&WalesFL|Johnson & Wales (Fla.)|Johnson and Wales (Fla.)|Johnson & Wales (FL)|Johnson (Fla.)|Johnson FL|Johnson University (FL)|
Johns&WalesNC|Johnson & Wales NC|Johnson and Wales NC|J&W NC|JWU (Charlotte)|
Johnson Smith|Johnson C Smith|Johnson C. Smith|JC Smith|
NVU-Johnson|Johnson State|Johnson State (VT)|Johnson St|Johnson University|
Judson AL|Judson College|Judson Ala|
Juniata|
KS City Medical|Kansas City Medical|
Kalamazoo|
Kamehameha Alumni|
Kansas City A.C.|
Kansas St.|Kansas State|Kansas St|
Kansas Teachers|
Kansas Wesleyan|
Kansas Weslyn|Kansas Wesleyan|
Kansas|
Kean|
Kearney Field|
Kearney|
Keene State|Keene St|
Keesler Field|
Kelly Field|
Kendall|
Kennesaw State|Kennesaw|Kennesaw St|
Kent State|Kent St.|Kent|Kent St|
Kents Hill|
Kentucky Chrstn|Kentucky Christian|Ky. Christian|
Kentucky St.|Kentucky St|Kentucky State|
Kentucky|
Kenyon|
Keuka|
King College (TN)|King|King (TN)|King College|King College (Tenn.)|King (Tenn.)|
King George|
King's Coll. (PA)|King's|King's (PA)|Kings, PA|Kings PA|King's, Pa.|King's College|
Kingfisher|
Kirksville|
Kirtland Field|
Kiski Preparatory|
Klamath Marines|
Knoxville|Knoxville College|
Knox|Knox College|
Kutztown|KutztownSt|Kutztown State|
Ky. Wesleyan|Kentucky Wesleyan|KY Wesleyan|
L.A.C.|
LIU-Brooklyn|Long Island|LIU|Long Island University|Long Island U.|
LIU-Post|LIU-C. W. Post|C.W. Post|CW Post|LIU-C W Post|Long Island-C.W. Post|Long Island Post|
LIU-Southampton|Long Island Southampton|Southampton|Southampton College|
La Grange|
La Roche|
La. Army STU|Louisiana Army STU|
LaSalle|La Salle|
LaVerne|La Verne|
Lackland Field|
Lafayette|
Lake Erie|Lake Erie College|Lake Erie College|
Lake Forest|
Lake Superior St|Lake Superior State|LSSU|Lake Superior|
Lakehurst NAS|
Lakeland|
Lamar|Lamar Tech|Lamar University|
Lambuth|
LancasterCrescnts|Lancaster Crescents|
Lander|
Lane College|Lane (TN)|Lane|
Langston|
Lanier|
Laramie High|
Lasell|
Latrobe A.C.|
Lawrenceville|
Lawrence|
Lawrence Tech|
Lawton|
Le Tourneau|
LeMoyne-Owen|
LeMoyne|
League Is Marines|League Island Marines|
LeagueIsland Navy|
Leander Clarke|
Lebanon Val.|Lebanon Valley|Lebannon Valley|Lebanon Valley College (PA)|
Lee (TN)|Lee University|Lee|Lee (Tenn.)|
Lee-McRae|Lees-McRae|Lees-McRae College|Lee-McRae College|
Lehigh A.C.|
Lehigh|
Lehman|
Leilahau|
Lenoir-Rhyne|Lenoir Rhyne|
Lewis & Clark|Lewis and Clark|Lewis & Clark (Ore.)|Lewis & Clark OR|
Lewis-Clark St.|Lewis-Clark State|Lewis-Clark ID|Lewis and Clark St.|
Lewisburg|
Lewis|
Liberty Baptist|
Liberty|
Lieutenants|
Life|Life Bible|Life Pacific|Word of Life Bible|Word of Life|
Limestone|
Lincoln (MO)|Lincoln|Lincoln University|Lincoln(Missouri)|Lincoln MO|Lincoln College|
Lincoln (PA)|Lincoln (Pennsylvania)|Lincoln PA|Lincoln (Penn.)|
Lincoln Chr|Lincoln Christian|Lincoln Christian University|
Lincoln (IL)|Lincoln (Ill.)|
Lincoln Field|
Lincoln High|
Lincoln Medical|
Lincoln Memorial|Lincoln TN|Lincoln Mem|
Lindenwood|Lindenwood (MO)|
Lindenwd-Bellevl|Lindenwood-Belleville|Lindenwood (IL)|
Lindsey Wilson|Lindsay Wilson|Lindsey Wilson College|Lindsey Wilson (Ky.)|
Linfield|
Lipscomb|David Lipscomb|
Livingston St.|Livingston St|
Livingstone|Livingstone (NC)|
Lock Haven|Lock Haven (PA)|
Locust Grove|
Logan All-Stars|
Lombard|
Long Beach State|Long Beach St|Long Beach|
Longmont High|
Longwood|
Loras|
Los Angeles A.C.|
Los Angeles J.C.|Los Angeles Junior College|
Los Angeles State|Los Angeles St|
Louisiana College|Louisiana Coll|Louisiana|Louisiana Col|
Louisiana Normal|
Louisiana St.|Louisiana State U.|Louisiana St|LSU|Louisiana State|L-S-U|
Louisiana Tech|Louis Tech|La Tech|
Louisiana|UL-Lafayette|Louisiana-Lafay.|La.-Lafayette|SW Louisiana|Southwestern Louisiana|Louisiana-Lafayette|ULL|
UL Monroe|Louisiana-Monroe|NE Louisiana|North E. Louisiana|Northeast Louisiana|LA Monroe|Lousiana Monroe|ULM|
LouisianaSt Frosh|Louisiana State Freshmen|
Louisville Field|
Louisville|
Love Field|
Lowry AFB|Lowry Field|
Loyola (Chicago)|Loyola Chi|Loyola (Ill.)|Loyola (IL)|Loyola of Chicago|
Loyola (LA)|Loyola (La.)|Loyola, Louisiana|Loyola (New Orleans)|Loyola (N.O.)|
Loyola (MD)|Loyola, Baltimore|Loyola-Maryland|Loyola MD|
Loyola Marymount|Loyola, L.A., CA|Loyola (Los Angeles)|Loyola Marymnt|Loy Marymount|
Lubbock Christian|Lubbock Chr|Lubbock Christ|
Lubbock Field|
Luther|Luther IA|
Lycoming|
UVA-Lynchburg|Virginia University of Lynchburg|Lynchburg|Virginia-Lynchburg|Virginia U-Lynchburg|
NVU-Lyndon|Lyndon State|Lyndon St|Northern Vermont|
Lynn|Lynn FL|
Lyon College|Lyon|
MD Eastern Shore|Maryland Eastern Shore|MD Eastrn Shore|MD-East Shore|MD E Shore|Maryland-ES|Maryland-E. Shore|
MD-Baltimore|Maryland-Baltimore|MD Baltimore County|UMBC|Maryland-Baltimore County|MD Baltimore Co|Maryland-Eastern Sho|Maryland-Baltimore C|
MIT|M.I.T.|Massachusetts Institute of Technology|
MacMurray|Mac Murray|MacMurray, Ill.|MacMurray College|
MacAurthur Field|
Macalester|
Machinists Mates|
Madison College|Madison|
Madonna|
Maine Maritime|ME Maritime|
Maine-Augusta|UMaine Augusta|Me.-Augusta|
Maine-Farmington|ME Farmington|
Maine-Fort Kent|ME Ft Kent|Me.-Fort Kent|Maine Ft. Kent|
Maine-Machias|UMaine Machias|ME Machias|
Maine-PresqueIsle|Maine-Presque Isle|ME-Presque Isle|
Maine|University of Maine|
Malone|Malone College|Malone (OH)|
Manchester|
Manhattan A.C.|
Manhattan Chris.|Manhattan (KS)|Manhattan Christian|Manhattan (Kan.) Christian|Manhattan Christian College|Manhattan Chrst.|
ManhattanBeach CG|Manhattan Beach Coast Guard|
Manhattanville|
Manhattan|
Mansfield|MansfieldSt|Mansfield Univesity|
Manual High|
Manual Training|
Marantha Baptist|Maranatha Baptist|Maranatha|MaranathaBible|Maranatha Bap|
March Field|
Mare Island Navy|
MareIslandMarines|
Marian (IN)|Marian (Ind.)|
Marian (WI)|Marian (Wis.)|Marian|
Marietta|
Marine Officers|
Marion CountyHigh|
Marion Sims|
Marion|
Marist|
Marquette|
Mars Hill|
Marshall School|
Marshall|
Martin Luther|Martin Luther MN|M Luther MN|Luther MN|
Martin Methodist|
Mary Washington|
MaryHardin-Baylor|M Hardin-Baylor|
Marycrest|Marycrest International|
Maryland A.C.|
Maryland|
Marymount|Marymount (VA)|
Maryville (MO)|Maryville (Mo.)|
Maryville (TN)|Maryville, Tenn.|Maryville-TN|Maryville|
Marywood|
Mary|Mary,ND|Mary <ND>|University of Mary|U Mary|
Mass. Col LibArt|Massachusetts College|Massachusetts College of Liberal Arts|Mass. College|Mass. Liberal Arts|MA Liberal Arts|Massachusetts Liberal Arts|Mass College of Libera|
Mass. Maritime|Massachusetts Maritime|
Mass. Pharmacy|Massachusetts Pharmacy|
Mass.-Boston|Massachusetts-Boston|UMass-Boston|MA Boston|
Mass.-Dartmouth|Massachusetts-Dartmouth|UMass-Dartmouth|MA Dartmouth|
Mass.-Lowell|Massachusetts-Lowell|Massachussets-Lowell|Mass-Lowell|UMass-Lowell|MA Lowell|
MassBay CC|MassBay|MassBay Community College|Massachusetts Bay|
Massachusetts|Massachusets|Massachussetts|Massachussets|UMass|
Master's College|The Master's|The Master's College|Masters (CA)|Master's|
Mather Field|
Maxwell Field|
Mayport NAS|
Mayville St.|Mayville St|Mayville State|Mayville|Mayville State University|
McClellan Field|
McGill|
McKendree|McKendree (IL)|McKendree College|
McMurry|McMurry, Tex.|McMury|
McNeese St.|McNeese St|McNeese State|McNeese|
McPherson|
Medaille|
Medford A.C.|
Medgar Evers|
MedicoChirurgical|
Melville PT Boats|
Memphis High|
Memphis Navy|
Memphis|Memphis St.|Memphis State|
Menlo|Menlo College|
Mercer|
Merchant Marine|Kings Point|Merchant Marines|M Marines|US Merchant Marine|
Mercyhurst|
Mercy|Mercy College|
Meridian|
Merrimack|Merrmiack|
CO Mesa|Colorado Mesa|Mesa, Colo.|Mesa State|Mesa St.|Mesa State (CO)|Mesa, CO|Mesa CO|Mesa St., Colo.|
Messiah|
Meteor A.C.|
Methodist|Methodist College|
Metropolitan St|Metro State|Metropolitan State|Metro St.|MSU Denver|
Mexico|
Miami (FL)|Miami, Fla.|Miami-Florida|Miami Fla|Miami-Fla|Miami Florida|Miami, FL|Miami (Fla.)|Miami FL|Miami|
Miami (OH)|Miami, Ohio|Miami Ohio|Miami-Ohio|Miami (Ohio)|Miami OH|Miami of Ohio|
Miami-Hamilton|
Miami-Middletown|
Mich Mil Academy|Michigan Military Academy|
Michigan A.C.|
Michigan St.|Mich St|Michigan State|Michigan St|
Michigan Tech|
Michigan-Dearborn|U of M Dearborn|Mich.-Dearborn|MI Dearborn|
Michigan-Flint|
Michigan|Michigan-Ann Arbor|
Mid-America Bibl|Mid-America Bible|Mid-America Bible College|
MidAmerica Nazar|MidAmerica Nazarene|Mid-Am Nazarene|MidAmer. Nazarene|Mid Am Nazarene|Mid-America Nazarene|
Mid-Continent|Mid-Continent (KY)|
Middle Tenn.|Middle Tennessee|Middle Tenn St|Mid Tenn St|Middle Tennessee State|Middle Tenn. St.|Mid. Tenn. St.|Middle Tennessee St.|MTSU|
Middlebury|
Midland Lutheran|Midland Luth|Midland Luthn|Midland Lthrn|
Midland (NE)|Midland University|Midland|Midland U.|
Midway|Midway University|Midway College|
Midwest TX St|Midwestern State|Midwestern St.,TX|Midwestern St., Texas|Midwestern St|Midwestern St., Tex.|Midwestern Texas State|Midwestern|Midwestern Texas St|Midwestern State (Tex.)|MSU Texas|
Miles|Miles College|
Millersville|Millersville(PA)|
Milligan|
Millikin|James Milliken|James Millilin|James Millikin|
Millsaps|
Milwaukee Engin|Milwaukee Engineering|Milwaukee School of Engineering|Milwaukee Eng|MSOE|
Milwaukee Medical|
Minn. All-Stars|Minnesota All-Stars|
Minnesota St.|Minn. St.-Mankato|Mankato St.|Mankato St|Mankato State|Minnesota St., Mankato|MinnState-Mankato|Minnesota State-Mankato|MSU-Mankato|Minnesota-Mankato|MN Mankato|Minnesota State-Mankata|Minnesota State|
Minn.-Crookston|Minnesota-Crookston|UMN-Crookston|UMinn-Crookston|MN Crookston|
Minn.-Duluth|Minnesota-Duluth|Min-Duluth|UMN-Duluth|UMinn-Duluth|MN Duluth|
Minneapolis Boat|Minneapolis Boat Club|
Minneapolis EastH|Minneapolis Eastern High|
MinneapolisCentrH|Minneapolis Central High|
MinneapolisSouthH|Minneapolis South High|
Minnesota Alumni|
Minnesota-Morris|Minn.-Morris|UMN-Morris|UMinn-Morris|MN Morris|
Minnesota|
Minot St.|Minot St|Minot State|
Misericordia|
Miss. Valley St.|Miss. Valley State|Mississippi Valley State|Miss Valley|Mississippi Valley St.|MS Valley St|Mississippi Valley|Mississippi Val.|MVSU|Mississippi Valley S|
Mississippi Col.|Mississippi College|Missisippi College|Mississippi Coll.|Mississippi Col|
Mississippi St.|Mississippi State|Mississippi St|Miss State|
Mississippi|Ole Miss|
Missouri Baptist|Mo. Baptist|
Kansas City|Missouri KC|Missouri Kansas City|UMKC|Mo.-Kansas City|
Missouri Mines|
Missouri Southern|Missouri Southern State|Mo. Southern|Mo Southern|Missouri Southern St|Mo. Southern St.|
Missouri STL|Missouri StLouis|Missouri-St. Louis|Missouri-Saint Louis|Mo.-St. Louis|
Missouri Val.|Missouri Valley|
Missouri Wesleyan|
Missouri West. St|Missouri Western State|Missouri Western|Mo. Western|Mo Western|Missouri Western St.|Missouri Western St|
Missouri S and T|Missouri S&T|Missouri-Rolla|Missouri Rolla|UMO-Rolla|Mo.-Rolla|
Missouri|
Mobile|Mobile (Ala.)|
Modesto J.C.|Modesto Junior College|
Moffett Field|
Mohawk|Mohawk College (Can.)|
Molloy|
MonSt-Billings|Montana State-Billings|Montana St.-Billings|Mont St Billngs|MT St-Billings|Eastern Montana|
Monmouth (IL)|Monmouth, Ill.|Monmouth (Ill.)|Monmouth, IL|Monmouth IL|
Monmouth (NJ)|Monmouth-NJ|Monmouth|Monmouth, N.J.|
Monroe A.C.|
Montana Mines|
Montana St.-North|Montana State-Northern|Montana St.-Northern|Montana St-Northern|Montana Northern|MT St Northern|MSU-Northern|Mont. St.-Northern|
Montana St.|Montana State|
Montana Tech|MT Tech|
Montana Wesleyan|
Montana|
Montclair St.|Montclair St|Montclair State|
Montevallo|
Montezuma|
Montgomery A.C.|
Monticello Navy|
Montreal|
Montreat|Montreat College|Montreat Andrsn|Montreat Anderson|Montreat And|
Mooney|
MSU-Moorhead|Moorhead St.|Moorhead St|Moorhead State|Moorhead St., Minn.|Minnesota State-Moorhead|Minnesota St.-Moorhead|Minnesota-Moorhead|Minn. St. Moorhead|
Moravian|
Morehead St.|Morehead St|Morehead State|Morehead St., Ky.|
Morehouse|
Morgan St.|Morgan St|Morgan State|Morgan|Morgan School|
Morganton Mutes|
Morningside|Morningside College|
Morris Brown|
Morris Field|
Morris Harvey|
Morris|Morris College|
Mount Airy Deaf|Mount Airy Deaf School|
Mount Hermon|
Mount Ida|Mt Ida|Mount Ida College|
Mount Marty|Mt. Marty|
Mount Mercy|Mount Mercy (IA)|Mt. Mercy College|
Mount Olive|Mount Olive College|Mt. Olive|
Mount Pleasant|
Mount Senario|Mt.Senario|
Mount St. Charles|
Mount St. Clare|Mount St. Clare (IA)|
Mount St. Joseph|Mount St. Joseph's|Mount St Joseph|Mount Saint Joseph|Mt. St. Joseph|
Mount St. Mary's|Mount Saint Mary's|Mouny Saint Mary's (MD)|Mt St Marys|Mount St. Mary's, Md.|
Mount Union|Mt. Union|MountUnion|
Mountain State|Mountain State (WV)|Mountain St|
Mt. Aloysius|Mount Aloysius|
Mt. St. Mary NY|Mount St. Mary (NY)|Mt. St. Mary|Mount St. Mary|Mount Saint Mary|
Mt. St. Vincent|Mount St. Vincent|Mount Saint Vincent|
Mt. Vernon Nazr.|Mount Vernon Nazarene|Mt. Vernon Nazarene|Mount Vernon|Mt. Vernon Naz.|
Muhlenberg|Mulhenberg|Muhlenburg|
Multnomah|Multnomah Bible|Multnomah University|
Municipal Pier|
Murray St.|Murray St|Murray State|
Muskingum|
N Dakota Teachers|North Dakota Teachers|
N. Alabama A.C.|North Alabama A.C.|
N. Arizona|Northern AZ|Northrn Arizona|Northrn Ariz|Northern Arizona|Northern Ariz|
N. Carolina A&T|NC A&T|North Carolina A&T|No. Carolina A&T|N.C. A&T|
N. Carolina St.|N Carolina St|NC State|North Carolina St.|North Carolina State|No Carolina St|No. Carolina St.|N.C. State|North Carolina St|N.C. St.|
N. Carolina Team|North Carolina Team|
N. Colorado|Northern Colorado|N Colorado|Northern Colo|
N. Dakota St.|N. Dakota St|North Dakota State|North Dakota St.|N Dakota St|
N. Denver High|North Denver High|
N. Division High|North Division High|
N. Illinois|Northern Illinois|No Illinois|Northern Ill|NIU|
N. Iowa|N. Iowa|Northern IA|Northern Iowa|Northrn Iowa|UNI|
N. MaineTech|Northern MaineTech|Northern Maine Tech|Northern Maine CC|
N. Michigan|Northern Michigan|N Michigan|Northern Mich.|
N. New Mexico|Northern New Mexico|North. New Mexico|
N.C. Central|North Carolina Central|No. Caro. Central|North Carolina Cent.|NoCarolinaCentral|
N.Mex.Highlands|New Mexico Highlands|N. Mex. Highlands|N Mex Highlands|NM Highlands|
NATTC|
NC Medical|North Carolina Medical|
NC Pre-Flight|North Carolina Pre-Flight|
NC Wesleyan|North Carolina Wesleyan|North Carolina Wesleya|
NE Missouri|Northeast Missouri|Northeast Missouri State|
NTAC|
NW Christian|Northwest Christian|Northwest Chr|Northwest Chrst.|
Northwest U.|Northwest University|Northwest (WA)|Northwest|Northwest (Wash.)|
NW Division High|Northwest Division High|
NW Missouri St.|NW Missouri St|Northwest Missouri State|Northwest Misssouri State|Northwest Missouri St.|NW Missouri State|Northwest Missouri|NW Missouri|Northwest Mo. St.|Northwestern Missouri State|
NW Nazarene|Northwest Nazarene|
NW Oklahoma|Northwest Oklahoma|NW Oklahoma State|Northwestern Oklahoma St.|Northwestern Oklahoma|Northwest Oklahoma State|Northwestern Oklahoma State|NWOklaState|NW Oklahoma St|Northwestern Okla. St.|Northwestern Okla|
NY City Tech|NYC Tech|New York City Tech|New York City Technical College|City Tech|NYIT|
NY Naval Militia|New York Naval Militia|
Nashville|
Nat. Christian|National Christian|
NavalReserve Pier|
Navy Reserves|
Navy Transport|
NavyHospitalCorps|
Navy|
Nazareth|
Nebraska Weslyn|Nebraska Wesleyan|Neb Wesleyan|NE Wesleyan|
Nebraska-Kearney|Nebraska Kearney|Neb-Kearney|NE Kearney|
Nebraska-Omaha|Nebraska Omaha|Neb-Omaha|NE Omaha|Omaha|
Nebraska|
Needham|
Neumann|
Nevada Las Vegas|Nevada LV|UNLV|Nev Las Vegas|U-N-L-V|Nevada-Las Vegas|
Nevada|Nevada-Reno|
New Eng All-Stars|New England All-Stars|
New England Coll|New England College|N England Col|
New England U.|New England|University of New England|U. of New England|Univ. of New England|U New England|
New Hampsh. Tech|New Hampshire Tech|New Hampshire Technical Institute|
New Hampshire|New Hampshre|UNH|
New Haven|
NJ Inst Tech|New Jersey Tech|NJ Tech|New Jersey Institute of Technology|N.J. Inst. of Tech.|New Jersey Inst. of Technology|New Jersey Inst. of Tech.|NJ Inst of Technology|NJ Inst of Techonology|N.J.I.T.|
New Jersy A.C.|
New Mexico Mil.|New Mexico Military|
New Mexico St.|New Mexico State|New Mexico St|New Mex St|
New Mexico Tech|
New Mexico|
New Orleans Gym|New Orleans Gym Club|
New Orleans|
New York A.C.|
New York Law|
New York State|
New York Tech|N.Y. Tech|
New York Univ.|New York University|NYU|New York|
College of NJ|NewJersey-Trenton|Trenton St.|Trenton St|Trenton State|New Jersey|College of New Jersey|NJ, The Coll. of|Coll. of New Jersey|TCNJ|
Newark A.C.|
Newberry A.C.|
Newberry|
Newburyport A.C.|
Newbury|
Newman|Newman Univ|
Newport NTS|
Newport Navy|
Apprentice|Newport News|Newport News App.|Newport News Apprentice|Apprentice School (VA)|Newport News Apprentice School|Apprentice School|The Apprentice School|
Newton A.C.|
Newtowne A.C.|
Niagara|
Nicholls St.|Nicholls St|Nicholls State|Nicholls St., La.|
Nichols|Nichols State|Nichols, Mass.|Nicholls|
Norfolk A.C.|
Norfolk Blues|
Norfolk Fire Dept|Norfolk Fire Department|
Norfolk Marines|
Norfolk Navy Base|
Norfolk Navy Yard|
Norfolk Navy|
Norfolk St.|Norfolk St|Norfolk State|
Norman NAS|
Norman Park|
North Alabama|North Ala.|
North Carolina|N.Carolina|No Carolina|
North Central|North Central College|North Central (IL)|N Central IL|North Central (Ill.)|
North Dakota|
North Florida|N Florida|
North Georgia|N Georgia|
North Greenville|N Greenville|
North Park|N Park|
North Texas|North Texas St|North Texas State|
NorthGeorgia A.C.|
NortheasternSt OK|NE Oklahoma|Northeastern Oklahoma|Northeastern Oklahoma State|NE Oklahoma State|Northeastern St., Okla.|NEOklaState|Northeastern State|Northeastern St.|
Northeastern|Northeastern (MA)|Northeastern, Mass.|
Northern Kentucky|N Kentucky|Northern Ky.|
Northern St. (SD)|Northern State|Northern State University|Northern State SD|Northern St, SD|Northern St SD|Northern St., S.D.|Northern St.|
Northland Baptist|Northland Bap|Northland Baptist Bible|Northland Bapt.|Northland Bible|
Northland|Northland (WI)|
Northland Intl|Northland International|
Northwest. Alumni|Northwestern Alumni|
Northwest. Dental|Northwestern Dental|
Northwestern (IA)|Northwestern, Iowa|Northwestern, IA|Northwestern-IA|Northwestern Iowa|NW Iowa|Northwestern (Iowa)|
Northwestern (MN)|Northwestern, Minn.|Northwestern, MN|NW Minnesota|Northwestern (Min)|Northwestern-Saint Paul|Northwestern-St Paul|
Northwestern (WI)|Northwestern, Wis.|Northwestern, WI|
Northwestern|Northwestern, Ill.|Northwestern(IL)|Northwestern University (Ill.)|
Northwood (FL)|Northwood (Fla.)|
Northwood (MI)|Northwood (Mich.)|Northwd, Mich.|Northwood|
Northwood (TX)|Northwood (Texas)|
Northwstn St (LA)|NW Louisiana|Northwest St|Northwestern State|Northwestern St.|Northwestern St., La.|Northwestern Louisiana|Northwestern (LA)|
Norwich|
Notre Dame "B"|
N.D. Namur|Notre Dame de Namur|Notre Dame (CA)|Notre Dame (Calif.)|Notre Dame (Cal.)|
Notre Dame (NH)|
Notre Dame (OH)|Notre Dame (Ohio)|Notre Dame Colleg of Ohio|Notre Dame College (OH)|Notre Dame of Ohio|
Notre Dame|Notre Dame (IN)|
Nova Southeastern|Nova SE|Nova Southeast|
Nyack College|Nyack|
Oak Ridge|
Oakland City|Oakland Cty|Oakland City (Ind.)|
Oakland|Oakland, Mich.|
Oberlin|
Occidental|
Oceana NAS|
Ogden A.C.|
Ogden High|
Oglethorpe|
Ohio Am. Corp.|
Ohio Dominican|OH Dominican|
Ohio Medical|
Ohio Northern|
Ohio St-Lima|Ohio State-Lima|
Ohio St-Newark|Ohio State-Newark|
Ohio St-Mansfield|Ohio State-Mansfield|
Ohio State|Ohio St.|Ohio St|
Ohio University|Ohio|Ohio U|Ohio U.|
Ohio Valley|
Ohio Weslyn|Ohio Wesleyan|
Ohio-Chillicothe|Ohio University - Chillicothe|Ohio Chillcothe|
Ohio-Eastern|
Ohio-Lancaster|
Ohio-Southern|Ohio University-Southern|Ohio-Southern Campus|
Ohio-Zanesville|Ohio State-Zanesville|Ohio Univ. Zanesville|
Oklahoma Baptist|OK Baptist|Okla Baptist|
Mid-America Chr.|Mid-America Christian|Mid-American|Mid-American Christian|
Oklahoma City|
Oklahoma Mines|
Oklahoma St.|Oklahoma State|Oklahoma St|
Oklahoma Teachers|
Oklahoma Wesleyan|
Oklahoma|
Olathe Navy|
Old Dominion|
Olivet (MI)|Olivet (Mich.)|Olivet MI|Olivet College|Olivet|
Olivet Nazarene|Olivet (IL)|Olivet Naz|
Olympic Club|
Omaha Balloon|
Omaha LightGuards|
Onondaga|
Oral Roberts|
Orange A.C.|
Oregon College|
Oregon St. Alumni|Oregon State Alumni|
Oregon St.|Oregon State|Oregon St|
Oregon Tech|
Oregon|
Originals A.C.|
Ottawa KS|Ottawa, Kan.|Ottawa|Ottawa, Kans.| Ottawa (Kan.) Braves|
Otterbein|
Ottumwa Pre-Fl|Ottumwa Pre-Flight|
Ouachita|Ouachita Baptist|
Overland Station|
Ozark Christian|Ozark Christian College|
Ozarks|U. of the Ozarks|University of the Ozarks|Univ Ozarks|Univ of the Ozarks|Univ. of Ozarks|University of Ozarks|Ozarks (Ark.)|School of the Ozarks|
PR-Arecibo|Puerto Rico-Arecibo|
American (P.R.)|PR-Bayamon|Puerto Rico-Bayamon|Central Bayamon|Bayamon Central|UPR-Bayamon|Central Bayamon (P.R.)|
PR-Carolina|Puerto Rico Carolina|
PR-Cayey|Puerto Rico-Cayey|Puerto Rico de Cayey|
PR-Humacao|Puerto Rico-Humacao|
PR-Mayaguez|Puerto Rico-Maya|Puerto Rico-Mayaguez|
PR-Ponce|Puerto Rico-Ponce|
PR-Rio Piedras|Puerto Rico-Rio Piedras|
Pac. Lutheran|Pacific Lutheran|Pac Lutheran|
Pace|
Pacific (OR)|Pacific (Oregon)|Pacific (Ore.)|
Pacific All-Stars|
Pacific Fleet|
Pacific Submarine|Pacific Submarines|
Pacific Union|PacificUnion|
Pacific|Pacific U.|Pacific (CA)|University of the Pacific|Pacific (Calif.)|
Paine College|Paine|
Palm Beach Atl.|Palm Beach Atlantic|
Palmyra|
Panhandle St.|Panhandle St|Panhandle State|OK Panhandle St.|Oklahoma Panhandle State|Oklahoma Panhandle St.|Oklahoma Panhandle|Panhandle St. Oklahoma|Okla Panhandle|
Panora|
Park Field|
Park|Park University|Park (Ariz.)|
Parris I. Marines|Parris Island Marines|
Parsons (Iowa)|Parsons|
Pastime A.C.|
Patten|
Paul Quinn|
Paul Smith's|Paul Smith's College|
Payne Field|
Pearl Harbor|
Pelham Bay Navy|
Penn Alumni|Pennsylvania Alumni|
Penn Reserves|Pennsylvania Reserves|
PSU-Altoona|Penn St.-Altoona|Penn State-Altoona|
PSU-Behrend|Penn St.-Behrend|Penn State-Behrend|
PSU-Harrisburg|Penn St.-Harrisburg|Penn State-Harrisburg|
PSU-Hazleton|PSU-Hazelton|Penn St.-Hazelton|Penn State-Hazelton|Penn State-Hazleton|Penn St. Hazleton|
PSU-Schuykill|Penn St.-Schuykill|Penn State-Schuykill|Penn State-Schuylkill|Penn St.-Schuylkill|
PSU-Scranton|Scranton|Penn St.-Scranton|Penn State Scranton|
PSU-Wilkes|PSU-Wilkes Barre|Penn St.-Wilkes-Barre|Penn State-Wilkes|Penn State-Wilkes Barre|
PSU-Lehigh|Penn St.-Lehigh Valley|Penn State-Lehigh Valley|PSU-Lehigh Valley|Penn St.-Lehigh Val.|
PSU-Mont Alto|Penn State-Mont Alto|
Penn State|Penn St.|Penn St|Penn. State|Pennsylvania State|
Penn. Military|Pennsylvania Military|Penn. Military College|
Pennsylvania|Penn|
Pensacola A.C.|
Pensacola Navy|Pensacola NAS|
Pepperdine|
Peru St.|Peru St|Peru State|
Pfeiffer|
Phil. Naval Yard|Philadelphia Naval Yard|
Philad. All-Stars|Philadelphia All-Stars|
Philad. Bible|Philadelphia Bible|Phil Bible|Philadelphia Biblical|
Philadelphia A.C.|
Philadelphia YMCA|Phialdelphia YMCA|
Jefferson|T. Jefferson|Thomas Jefferson|Philadelphia|Philadelphia U.|Philadelphia Textile|Philadelphia University|
Philander Smith|Philander Smith College|
Phillips|
Phoenix All-Stars|
Physicians & Surg|Physicians & Surgeons|
Piedmont|
Pikeville|Pikeville College|
Pitt-Bradford|Pittsburgh Bradford|
Pitt-Greensburg|Pittsburgh-Greensburg|
Pitt-Johnstown|Pittsburgh-Johnstown|Pitts.-Johnstown|
Pittsburg St.|Pittsburg St|Pittsburg State|Pittsburgh State|Pittsburgh St|
Pittsburgh A.C.|
Pittsburgh Lyceum|
Pittsburgh|
Pittsfield A.C.|
Pleasanton Navy|
Plymouth St.|Plymouth St|Plymouth State|
Pocatello Marines|
Point Loma Nazar.|Point Loma Nazarene|Point Loma|Loma Point Nazarene|Pt. Loma Nazarene|
Point Park|Point Park (PA)|
Polytechnic|N.Y. Poly|Polytechnic NY|NYU Poly|Suny Poly|
Pomona Ord. Base|Pomona Ordinance Base|
Pomona-Pitzer|
Pomona|
Port Royal|
Porter Military|
Porter|
Portland St.|Portland State|Portland St|
Portland|
Portsmouth Fleet|
Post Field|
Practical Bible|Practical Bible College|
Prairie A.C.|
Prairie View|Prairie View A&M|
Presbyterian|Prebyterian|Presbterian|Presbyterian College|
Presentation|Presentation College|Presentation (SD)|
Presidio San Fran|Presidio of San Francisco|
Princeton Alumni|
PrincetonReserves|
PrincetonSeminary|
Princeton|
Principia|
Providence|
Pueblo High|
Pueblo YMCA|
Puget Sound|
Puget Sound Chr.|Puget Sound Christian|
Purdue Alumni|
Purdue Northwest|Purdue-Calumet|PUrdue Northwest (Ind.)|
Purdue-NorthCent|Purdue-North Central|Purdue North Central|Purdue N. Central|
Purdue|
Quantico Marines|
Queens (NC)|Queens (N.C)|Queens|
Queens (NY)|
Quincy|Quincy (IL)|
Quinnipiac|
Radford|
Radio School|
Ramapo|
Randolph Field|
Randolph-Macon|Randolph Mcn|R Macon Woman's|
Ream Field|
Redlands|
Regis|Regis University|Regis (Colo.)|Regis Col|Regis CO|
Reina Mercedes|
Reinhardt|Reinhardt College|
Reliance A.C.|
Rensselaer|Rensselaer Poly.|RPI|
Rhema Bible|Rhema|Rhema College (OK)|
Rhode Island Coll|Rhode Island College|RI College|
Rhode Island|
Rhodes (TN)|Rhodes College|Rhodes|
Rice|
Stockton|Richard Stockton|R Stockton|
Richmond Blues|
Richmond Field|
Richmond|
Rider|
Ridgefield F.C.|
Rio Grande|Rio Grande (OH)|
Ripon|
Riverside|UC Riverside|Cal.-Riverside|California-Riverside|California Riverside|
Rivier|
Roanoke|
Robert Morris IL|Robert Morris (IL)|Robert Morris (Ill.)|Robert Morris-Springfield|Rob Morris IL|R Morris Chic|Robert Morris-Chicago|Robt. Morris-Springfield|Robert Morris-S'fiel|Robert Morris IL Spr|Robt. Morris-Peoria|
Robert Morris PA|Robert Morris (PA)|Robert Morris|
Roberts Wesleyan|Roberts Wslyn|Robert Wesleyan|
Rochester (MI)|Rochester College|Rochester (Mich.)|Rochester Coll (MI)|
Rochester (NY)|University of Rochester|Rochester|
Rochester Tech|Roch Inst Tech|RIT|Rochester Institute of Technology|
Rockford High|
Rockford YMCA|
Rockford|Rockford College|
Rockhurst|
Rockville High|
Rocky Mountain|
Roger Williams|
Rollins|Rollins (FL)|Rollins College|
Rooks|
Rook|
Rose-Hulman|Rose-Hulman Inst.|
Rowan|
Rush Medical|
Rusk|
Rust|Rust (Miss.)|
Rutgers-Camden|
Rutgers-Newark|
Rutgers|Rutgers-New Brunswick|
S. Arkansas|Southern Arkansas|S Arkansas|So Arkansas|Southern Ark.|
S. Carolina St.|S. Carolina St|SC State|South Carolina State|So. Carolina St.|S.C. State|South Carolina St.|S.C. St.|
S. Connecticut|So Conn St|Southern Connecticut|Southern Connecticut State|Southern Conn.|S Connecticut|SouthernConnSt|Southern Conn. State|Southern Connecticut St|
S. Dakota Mines|South Dakota School of Mines|S. Dakota Tech|South Dakota Tech|S Dakota Tech|South Dakota Mines|South Dak. Tech|SD School of Mines|South Dakota School of|
S. Dakota St.|S. Dakota St|South Dakota State|South Dakota St.|S Dakota St|
S. Illinois|Southern IL|Southern Ill|Southern Illinois|SIU|
S. Military Acad.|Southern Military Academy|
S. Oregon|Southern Oregon|Southern Ore.|
S. Plains Field|South Plains Field|
S. Utah|Southrn Utah|Southern Utah|
S.B. Howard Park|
SC Aiken|South Carolina Aiken|USC Aiken|
SC Upstate|SC Spartanburg|South Carolina Spartanburg|South Carolina Upstate|USC Upstate|Upstate|South Carolina Upsta|S Car Upstate|
SE Louisiana|Southeastern Louisiana|Southeast Louisiana|Southeastern La.|Southeastern Louisia|
SE Missouri|SE MO State|Southeast Missouri State|SE Missouri State|SE Missouri St.|Southeast Missouri St.|Southeast Missouri|Southeast Missouri S|Southeast Mo St|
SE Oklahoma|Southeastern Oklahoma State|Southeast Oklahoma|Southeastern Okla St|SEOklaSt|Southeastern Oklahoma|SE Oklahoma State|SE Oklahoma St.|SOUTHEASTERN OKLAHOMA ST.|Southeastern Okla|
SIU Carbondale|Southern Illinois-Carbondale|
SIU Edwardsville|SIU Edwardsvl|Southern Illinois U. Edwardsville|Southern Illinois-Edwardsville|SUI-Edwardsville|SIUE|Edwardsville|
SMTS|
SMU Freshman|Southern Methodist Freshman|
SUNY Maritime|SUNY-Maritime|New York Maritime|N.Y. Maritime|Maritime (N.Y.)|
SUNY Westbury|SUNY Old Westbury|SUNY-Old Westbury|Old Westbury|
SUNY-Geneseo|Geneseo|Geneseo State|Geneseo St|
SUNY-New Paltz|New Paltz|New Paltz State|
SUNY-Oneonta|Oneonta|Oneonta State|
SUNY-Oswego|Oswego|Oswego State|Oswego St|
SUNY-Plattsburgh|Plattsburgh|Plattsburgh State|Plattsburgh St|
SUNY-Potsdam|Potsdam|Potsdam State|
SUNY-Purchase|Purchase|Purchase State|Purchase St.|
SUNYIT|SUNY-Utica/Rome|Utica/Rome|Utica/Rome Tech|Utica Tech|SUNY Institute of Technology|
SW Adventist|Southwest Adventist|Southwestern Adventist|Southwestern Adventist Univ.|
SW Assem Of God|Southwestern Assemblies of God|SW Assemblies God|Southwestern Assemblies|SW Assemblies of God|Southwest Assemblies of God|SW Assembly of God|SW Assys. of God|S'western Assemblies|Southwestern Assys. of God|Southwestern Assemblie|
SW Christian|Southwestern Christian|Southwestern College of Christian Ministries|Southwest Christian|Southwestern College|
Missouri St.|SW Missouri St.|SW Missouri St|SW Missouri State|SW MO State|SW Missouri|Southwest Missouri State|Southwest Missouri St.|SMS|Missouri State|
SW Oklahoma St.|Southwestern Oklahoma State|Southwestern Oklahoma St.|SWOklaSt|Southwestern Okla. St.|Southwestern Oklahoma|SW Oklahoma State|SW Oklahoma|Southwestern Okla.|
Texas State|SW Texas St.|SW Texas State|Southwest Texas State|Southwest Texas St.|Southwest Texas|Texas St.|Texas State University|Texas St Univ|Texas State-San Marcos|Texas St-San Marcos|
Sacaton Indians|
Sacramento St.|Sacramento State|Cal State-Sacramento|CS-Sacramnto|CS Sacramento|CSU-Sacramento|Sacremento State|Cal St. Sacramento|
Sacred Heart (PR)|Sacred Heart (Puerto Rico)|Sacred Heart (P.R.)|
Sacred Heart|Sacred Ht|
Saginaw Val. St.|Saginaw Val. St|Saginaw Valley State|Saginaw Valley St.|Saginaw Valley|Saginaw Val St|Saginaw Val|
Saint Louis|St. Louis|
Salem Intl.|Salem International|Salem-Teikyo|Salem WV|Salem|
Salem State|Salem MA|
Salisbury|Salisbury St.|Salisbury St|Salisbury State|
Salt Lake Field|
Salt Lake High|
Salt Lake YMCA|
Salve Regina|
Sam Houston St.|Sam Houston State|Sam Houston|
Samford|
Sampson NTS|
San Diego Marines|
San Diego Navy|
San Diego St.|San Diego State|San Diego St|SDSU|
San Diego|San Diego, U. of|
San Fran Clippers|San Francisco Clippers|
San Francisco St.|San Francisco St|San Francisco State|San Fran. St.|S Francisco St|
San Francisco|
San Jose Christ.|San Jose Christian|San Jose Chr|
San Jose St.|San Jose State|San Jose St|San Jos St|
San Pedro AC|
San Pedro Navy|
SanDiego AllStars|San Diego All-Stars|
Santa Ana Field|
Santa Clara|
Savannah A&D|Savannah Art & Design|Savannah Art and Design|Savannah Arts & Design|Savannah College|
Savannah A.C.|
Savannah St.|Savannah St|Savannah State|
Schreiner|Schreiner (Texas)|
Schuykill|
Schuylkill Navy|
Science&Arts (OK)|Oklahoma Science and Arts|Oklahoma Science & Arts|Science and Arts|Science and Arts (OK)|Okla. Science & Arts|Science & Arts|
Scott Field|
Scout Fleet|
Seamen Gunners|
Seattle Pacific|
Seattle|Seattle University|Seattle U|
Second Air Force|
Selma|Selma University|
Seton Hall|
Sewanee (VA)|Sewanee Club, VA|Sewanee Club (Virginia)|
Sewanee Medical|
Sewanee|University of the South|Univ. of the South|University of the Sout|U. of the South|University of the So|
Shamokin|
Shattuck|
Shawnee CC|
Shawnee State|Shawnee St.|Shawnee|
Shaw|Shaw NC|
Shenandoah|
Shepherd|Shepherd College|Shepard|Shepard Tech|Shepherd Tech|Shepherd (Calif.)|Shepherd University|
Sherman|
Shippensburg|
Shorter|
Shreveport A.C.|
Shurtleff|
Siena Heights|Siena Hts|
Siena|
Silver City|
Simon Fraser|
Simpson (CA)|Simpson (Calif.)|
Simpson (IA)|Simpson, Iowa|Simpson|Simpson University|
Sioux City A.C.|
Sioux Falls|University of Sioux Falls|
Skidmore|
Slippery Rock|
Sonoma St.|Sonoma St|Sonoma State|Somona State|
South Alabama|S Alabama|
South Bend A.C.|
South Berwick|
South Carolina|So Carolina|
South Dakota|
S. Denver|South Denver High|
South Florida|S Florida|South Fla.|
Southeastern|Southeastern (FL)|Southeastern (Fla.)|Southeastern College|Southeastern University|
Southern Cal|U Southern Cal|USC|Southern California|Southern Calif.|u$c|
Southern Colorado|
Southern Indiana|Southern Ind.|S Indiana|
Southern Maine|S Maine|Southern Maine CC|SMCC|
Southern Meth.|Southern Meth. U.|SMU|So Methodist|Southern Methodist|S-M-U|
Southern Miss.|Southern Mississippi|So Mississippi|Southrn Miss|Southern Miss|
So. Nazarene|Southern Nazarene|
Southern NewHamp|Southern New Hampshire|New Hampshire Col|New Hampshire College|NH College|So. New Hampshire|S New Hampshire|
Southern Poly|Southern Tech|Southern Polytechnic|Southern Polytechnic State|Southern Polytechnic State Uni|Southern Poly Tech|
Southern U.|Southern University|Southern U|Southern|Southern Univ.|Southern College|
Southern Vermont|S Vermont|So Vermont|South. Vermont|
Southern Virginia|So Virginia|S Virginia|Southern Va.|
Southern Wesleyan|S Wesleyan|
Southern-NewOrlns|Southern-New Orleans|Southern, NO|Southern N. Orleans|
U. Southwest|University of Southwest|Southwest (NM)|College of the Southwest|CSW|College of Southwest|Univ. of the Southwest|Southwest|Univ. of Southwest|University of the Southwest|
SW Baptist|Southwest Baptist|
SW Minnesota|Southwest State|Southwest St.(MN)|Southwest St MN|Southwest St., Minn.|Southwest State (MN)|Southwest Minnesota State|Southwest Minnesota St.|Southwest Minn. St.|Southwestern Minnesota State|SW Minnesota St.|Southwest St.|
Southwestern (TX)|Southwestern (Texas)|Southwestern, TX|Southwest Texas St.|Southwestern|SW Univ TX|Southwestern (Tex.)|
Southwestern, KS|Southwestern, Kan.|Southwestern(KS)|Southwestern(KAN)|Southwestern KS|Southwestern Kans.|Southwestern (Kansas)|
Southwestern, TN|Southwestern (Tennessee)|SW Tennessee|
Spalding|
Spence Field|
Spring Arbor|
Spring Hill|
Springfield YMCA|
Springfield|Springfield (MA)|Springfield Col.|
Squantum NAS|
St Louis Alum-Haw|St. Louis Alumni-Hawaii|
St Thomas Aquinas|St. Thomas Aquinas|Thomas Aquinas|Saint Thomas Aquinas|
St. Thomas (FL)|St. Thomas (Fla.)|Saint Thomas (Fla.)|Saint Thomas (FL)|
St. Albans|
St. Ambrose|Saint Ambrose|St. Ambrose (IA)|
St. Andrews|St. Andrew's|Saint Andrews|Saint Andrew's|St. Andrews Presbyteri|St. Andrews Pres.|St. Andrews Presby.|
St. Anselm|Saint Anselm|St. Anselm's|
St. Augustine's|Saint Augustine's|
St. Benedicts|St. Benedict|
St. Bonaventure|Saint Bonaventure|
St. Cloud St.|St. Cloud St|St Cloud State|St. Cloud State|St Cloud St|Saint Cloud St.|Saint Cloud State|St Cloud|
St. Edward's|Saint Edward`s|
St. Francis, Ill.|St. Francis (IL)|St. Francis|St. Francis (Ill.)|St Francis IL|St Francis-Ill|Saint Francis, Ill.|
St. Francis, Ind.|St. Francis (IN)|Saint Francis, Ind.|
St. Francis, N.Y.|St. Francis (NY)|Saint Francis-NY|
St. Francis, Pa.|Saint Francis-PA|St. Francis (Pa.)|St Frncs-PA|St. Francis (PA)|St. Francis PA|St. Francis (Pennsylvania)|
St. Gregory's|St. Gregory's (OK)|St. Gregory|Saint Gregorys|
St. Helena NTS|
St. John Fisher|Saint John Fisher|
St. John's (NY)|St. John's, NY|Saint John's|St John's|St. John's, N.Y.|Saint John's, N.Y.|St. John's (New York)|
St. John's M.A.|
St. John's, MD|St. John's (Maryland)|
St. John's, Minn.|St. John's (MN)|St. John's (Minn)|St John's, MN|St John's MN|Saint John's, Minn.|Saint John's (MN)|
St. Joseph (VT)|St. Joseph (Vt.)|St. Joseph's (Vt.)|Saint Joseph (Vt)|
St. Joseph's (IN)|St. Joseph's, IN|St. Joseph's (Ind.)|St. Joseph's, Ind.|StJoseph(IN)|Saint Joseph's, Ind.|St. Joseph's (Indiana)|Saint Joseph's (IN)|
St. Joseph's (LI)|St. Joseph's (L.I.)|St. Joseph's Long Is.|
St. Joseph's (ME)|St. Joseph's (Maine)|Saint Joseph's (Maine)|
St. Joseph's (PA)|St. Joseph's, PA|St. Joseph's (Pennsylvania)|St. Joseph's|Saint Josephs|Saint Joseph's (Pa.)|
St. Josephs-Brkln|St. Joseph's (Bklyn.)|St. Joseph's (Brooklyn)|St Joseph's NY|St. Joseph's (Blkyn.)|Saint Joseph's NY|
St. Lawrence|Saint Lawrence|
St. Leo|Saint Leo|
St. Louis Christ.|St. Louis Christian|
St. Martin's|St. Martin|Saint Martin's|
St. Mary's (MI)|St. Mary's of Ave Maria|Orchard Lake|Orchard Lake St. Mary's|Orchard Lake-St. Mary's|Saint Mary's (MI)|St. Mary's-Orchard Lake|St. Mary's (Mich.)|
St. Mary's Pre-Fl|St. Mary's Pre-Flight|
St. Mary's, Cal.|Saint Mary's|Saint Mary's-CA|St. Mary's (Ca.)|St Mary's-CA|St. Mary's (Cal)|St. Marys CA|Saint Mary's, Calif.|St. Mary's (Calif.)|St. Mary's California|St. Mary's|
St. Mary's, KS|Saint Mary (KS)|St. Mary's (Kansas)|St. Mary (Kan.)|St. Mary KS|St. Mary's (KS)|St. Mary's (Kan.)|Saint Mary (Kan.)|Saint Mary|
St. Mary's, MD|St. Mary's (MD)|Saint Mary's (MD)|
St. Mary's, MN|St. Mary's (Minnesota)|St. Mary's (Minn.)|Saint Mary's (MN)|Saint Mary's (Minn.)|St. Mary (Minn.)|
St. Mary's, TX|St. Mary's (Texas)|St. Mary's (Tex.)|Saint Mary`s (Tex.)|
St. Michael's|St. Micheal's|St. Micheals|St Michaels|Saint Michael's|
St. Norbert|Saint Norbert|St Norbert|
St. Olaf|Saint Olaf|St. Olaf (MN)|
St. Paul Cent. H|St. Paul Central High|
St. Paul's (VA)|Saint Paul's (VA)|Saint Paul's|St. Paul's|
St. Peter's|Saint Peter's|St Peter's|St. Peters|StPeter|
St. Rose|Saint Rose|
St. Scholastica|St. Scholastica (MN)|Saint Scholastica|
St. Thomas (MN)|St. Thomas, Minn.|St Thomas|Saint Thomas, Minn.|
St. Viator|
St. Vincent (PA)|St. Vincent|Saint Vincent|St. Vincent's|
St. Vincent's, CA|St. Vincent's (California)|
St. Xavier|St. Xavier (IL)|Saint Xavier|St Xavier Ill|
Staats A.C.|
Stagg's Team|
Standifer Shipbld|Standifer Shipbuilders|
Stanford|
Staten Island|
Steelton A.C.|
Steelton YMCA|
Steelton|
Stephen F.Austin|Stephen F. Austin|Stephen Austin|Stephen F. Austin State|Ste F Austin|S.F. Austin|SFAustinSt|SFA|
Sterling A.C.|
Sterling|
Stetson|
Stevens Tech|Stevens|
Stevenson|
Stillman|
Still|
Stockton Army|
Stonehill|
Stony Brook|SUNY-StonyBrook|Stony Brook-NY|
Strayer|Strayer University|
Stroudsburg|
Sue Bennett|
Suffolk|
Suisun Field|
Sul Ross St.|Sul Ross St|Sul Ross State|Sul Ross|
Superba A.C.|
Susquehanna|
Swarthmore Alumni|
Swarthmore|
Syracuse A.C.|
Syracuse AllStars|
Syracuse|
TX A&M-Commerce|Texas A&M-Commerce|Texas A&M Commerce|Tex. A&M-Commerce|E. Texas St.|E. Texas St|East Texas State|TAM-Commerce|TAMU-Commerce|
TX A&M-Kingsville|Texas A&M-Kingsville|Tex.A&M-Kingsvlle|Texas A&I|TAM-Kingsville|TAMU-Kingsville|Tex A&M Kingsville|TX A&M K'ville|
Tabor|
Talladega|Talledega|
Tampa A.C.|
Tampa|University of Tampa|
Tarkio|
Tarleton St.|Tarleton St|Tarleton State|
Taylor|Taylor (IN)|Taylor-Upland|Taylor (Ind.)|Taylor-Fort Wayne|Taylor-Ft. Wayne|
Post|Teikyo Post|
Teikyo Westmar|Westmar|
Temperance A.C.|
Temple|
Tenn. Deaf School|Tennessee Deaf School|
Tenn. Military|Tennessee Military|
Tenn. Wesleyan|Tennessee Wesleyan|TN Wesleyan|Tenessee Wesleyan|
Tenn.-Martin|Tennessee-Martin|Tenn-Martin|Tenn. Martin|TN Martin|UT Martin|
Tennessee Medical|
Tennessee St.|Tennessee St|Tennessee State|
Tennessee Tech|Tenn Tech|
Tennessee Temple|Tennessee Temple University|Tenn. Temple|
Tennessee-Memphis|
Tennessee|
Texas A&M CC|Texas A&M Corpus Chris|Texas A&M Corpus Christi|Tx A&M Corp Chr|TAMU-CC|TAM C. Christi|Texas A&M-Corpus Chr.|TAMU-Corpus Christi|Texas-Corpus Christi|
Texas A&M|
Texas A&M Intl|Teams A&M Int'l|Texas A&M International|TX A&M-Int|Texas A&M Internationa|Tex. A&M Int'l|
TCU|Texas Christian|Texas Christian U.|TX Christian|T-C-U|
Texas College|Texas Coll.|Texas Col|
Texas Dallas|UT Dallas|TX Dallas|Dallas, U of (TX)|UNT Dallas|
Texas Deaf School|
Texas Lutheran|TX Lutheran|
Texas Military|
Texas PanAm|Texas Pan American|TX Pan American|UT-Pan American|Tex.-Pan American|
Texas Poly|
UT San Antonio|Texas San Antonio|TX San Antonio|UTSA|Tex San Antonio|Texas-San Ant.|
Texas Southern|Tex Southern|TX Southern|UT Southern|
Texas Tech|
Texas Wesleyan|
Texas-Arlington|TX-Arlington|UT-Arlington|UTA|
Texas-El Paso|Texas El Paso|Tex-El Paso|UTEP|
TX-Permian Basin|Texas-PermianBasn|Texas-Permian Basin|UT Permian Basin|Permian Basin|Tex. Permian Basin|
Texas|Texas-Austin|
Thiel|
Third Air Force|
Thomas (Maine)|Thomas|Thomas ME|
Thomas More|Thomas More (Ky.)|
Tiffin|
Tioga|
Tn.-Chattanooga|UT Chattanooga|Tennessee Chat|Tn Chattanooga|Tenn-Chatt|Tennessee-Chattanooga|Tenn.-Chattanooga|Chattanooga|UT-Chattanooga|
Toccoa Falls|
Toledo A.C.|
Toledo|
Tonkawa Prep.|Tonkawa Preparatory|
Toronto All-Stars|
Torpedo Raiders|
Tougaloo|Touglaoo|
Towson St.|Towson St|Towson State|Towson|
Transylvania|
Trevecca Naz.|Trevecca Nazarene|Trevecca Nazarene College|
Trine|Tri-State|Tri-State (IN)|Tri-State University|Tri-State Univ|Tri-State (Ind.)|
Trinity (IL)|Trinity, Ill.|Trinity Int'l IL|Trinity IL|Trinity Int'l, Ill.|Trinity International|Trinity International University|Trinity International Universi|Trinity Int'l|
Trinity (TX)|Trinity, Tex.|Trinity (Texas)|Trinity, TX|Trinity TX|
Trinity Bible|TrinityBible(ND)|
Trinity Christian|
Trinity Coll (CT)|Trinity, Conn.|Trinity (Conn.)|Trinity (Connecticut)|Trinity(CT)|Trinity College (CT)|
Trinity (FL)|Trinity (Fla.)|Trinity|
Trinity Bapt.|Trinity Baptist|Trinity Bap|
Troy St.|Troy State|Troy St|Troy|
Truman State|Truman|Truman St.|Truman St|
Tufts|
Tulane Alumni|
Tulane|
Tulsa|
Tusculum|
Tuskegee|
Twin Cities High|Twin Cities Central High|
Univ Sciences|U. Sciences Phil.|University of the Sciences in Philadelphia|University of the Sciences|Sciences in Philadelphia|UNIV. OF THE SCIENCES|Univ. of Sciences|Philadelphia Sciences|University of Sciences|USciences|
U.S. Amphibians|
U.S. Marines|
U.S. Sub Base|
U.S.International|
UAY All-Stars|
UC Davis|Cal Davis|UC-Davis|Cal-Davis|California-Davis|
UC Irvine|California-Irvine|Cal Irvine|
UC San Diego|California-San Diego|UCSD|Cal San Diego|California-San Diego|
UCLA|U-C-L-A|
UMadison High|
UNC Asheville|NC Asheville|North Carolina-Asheville|
UNC Greensboro|NC Greensboro|North Carolina-Greensboro|
UNC Pembroke|North Carolina-Pembroke|NC Pembroke|
UNC Wilmington|NC Wilmington|Wilmington (NC)|UNC-Wilmington|North Carolina-Wilmington|
US Recup. Company|
USC Alumni|Southern California Alumni|
USS Boston|
USS Franklin|
USS Idaho|
USS Maryland|
USS Mercy|
USS Minnesota|
USS Mississippi|
USS New Mexico|
USS New York|
USS Oklahoma|
USS Tennessee|
USS Utah|
Union (Kentucky)|Union, Ky.|Union (Ky.)|Union (KY)|Union KY|
Union (New York)|Union, N.Y.|Union (NY)|Union, NY|Union NY|
Union (Tennessee)|Union (TN)|Union (Tenn.)|Union College|Union|
Union (Nebraska)|Union College (NE)|
Unity|Unity College|
Univ. of Mexico|University of Mexico|
Unknown NAS|
Unknown Team|Unknown|
Upper Iowa|
Upsala|
Urbana|IL Urbana|
Ursinus|
Utah Alumni|
Utah Field Artil|Utah Field Artillery|
Utah St.|Utah State|Utah St|
Utah State Alumni|
Utah|
Utica|Utica College|
VA Commonwealth|Virginia Commonwealth|VCU|Virginia Common.|
VA Intermont|Virginia Intermont|
VA Tech Alumni|Virginia Tech Alumni|
VMI|Virginia Military|VA Military|Virginia Military Institute|Virginia Military Inst|Va. Military Institute|Virginia Military In|
Valdosta St.|Valdosta St|Valdosta State|Valdost St.|
Valley City St.|Valley City St|Valley City State|
Valparaiso|
VancouverBarracks|
Vanderbilt Alumni|
Vanderbilt|
Vanguard|Southern Californa College|Southern Cal College|Vanguard University|
Vassar|
Vedado A.C.|
Vermont Tech|Vermont Technical|
Vermont|
Vicksburg A.C.|
Vigilant A.C.|
Villa Julie|
Villa Maria|Villa Maria College|
Villanova|
Vincennes|
Vineland|
Virgin Islands|Virgin Island Univ.|University of the Virgin Islands|Univ. of the Virgin|
Virginia BoatClub|
Virginia Medical|
Virginia St.|Virginia St|Virginia State|
Virginia Tech|VirginiaTech|Viginia Tech|Virginia Tch|
Virginia Union|
Virginia Wesleyan|VA Wesleyan|
Virginia-Wise|Clinch Valley|Clinch Vly|UVA-Wise|
Virginia|
Viterbo|Viterbo University|
Volunteer A.C.|
Voorhees|Voorhees (SC)|Voorhees College|
W. Carolina|West Carolina|Westrn Carolina|Western Carolina|Wstn Carol|Western Car|Western Caro.|
W. Connecticut|Western Connecticut|W. Connecticut St.|Western Conn. St.|W Connecticut|Western Connecticut State|WestConn|
W. Illinois|Western Illinois|Western IL|Western Ill|
W. Kentucky|Western Kentucky|Western KY|Western Kentucky Teachers|WKU|
McDaniel|W. Maryland|Western Maryland|West Maryland|W Maryland|McDaniel College|McDaniel Col|
W. Michigan|Western Michigan|Western Mich|
W. Montana|Western Montana|Wstn Montana|West Montana|MT Western|Montana-Western|University of Montana Western|
W. New England|Western New England|West. New England|W New England|Western New Eng|
W. New Mexico|Western New Mexico|West. New Mexico|W New Mexico|New Mexico Western|Western N.M.|
W. Oregon|Western Oregon State|Western Oregon|Western Ore.|
W. Texas A&M|West Texas A&M|West Texas State|West Texas St|West Tex. A&M|
W. Texas Military|West Texas Military|
W. Va. Weslyn|W. Vir. Wesleyan|West Virginia Wesleyan|West Va. Wesleyan|W Va Wesleyan|WV Wesleyan|West Virgnia Wesleyan|
W. Virginia Coll|College of West Virginia|West Virginia College|College of W. Virginia|
W. Virginia St.|W. Virginia St|West Virginia State|Wst VA St|West Virginia St.|W Virginia St|West Virginia St|WV State|
W. Virginia Tech|West Virginia Tech|West Va. Tech|W Virginia Tech|WV Tech|WVU-Tech|
W. Washington|West. Washington|W Washington|Western Washington|Western Wash.|
Wabash|
Waco Field|
Wagner|
Wake Forest Frosh|Wake Forest Freshmen|
Wake Forest|
Walla Walla|Walla Walla University|
Walsh OH|Walsh|Walsh (Ohio)|
Warner Pacific|Warner Pacifc|
Warner|Warner Southern|Warner U.|
Warren Wilson|Warren Wilson College|
Warrensburg|
Warrenton Prep.|Warrenton Preparatory|
Wartburg|
Wash. & Jeff.|Wash & Jeff|Washington & Jefferson|Washington and Jefferson|
Wash. Artillery|Washington Artillery|
Washburn|
Washington & Lee|Wash & Lee|Washington and Lee|
Washington (MD)|Washington, MD|Washington (Maryland)|Washington College|Washington Coll.|
Washington Bible|Washington Bib|Washington Bible College|
Washington St.|Washington State|Washington St|Washingtn St|
Washington StL|Washington, MO|Washington (Missouri)|Washington-St. Louis|WUStL|Washington U.|Washington-Saint Louis|WashU|
Washington YMCA|
Washington|
Waterton|
Watertown|
Wayland Baptist|
Wayland|
Wayne State (MI)|Wayne, Mich.|Wayne State|Wayne St.|Wayne State (Mich.)|Wayne St. (Mich.)|Wayne, MI|Wayne MI|Wayne St., Mich.|WayneSt(MI)|
Wayne State (NE)|Wayne, Neb.|Wayne State (Neb.)|Wayne State-NE|Wayne St. (Neb.)|Wayne, NE|Wayne NE|Wayne St., Neb.|WayneSt(NE)|Wayne St NB|
Waynesburg|
Webber College|Webber (FL)|Webber|Webber International|Webber Intl|
Weber St.|Weber State|Weber St|
Webster|Webster Univ|
Welch Neck High|
Wells|
Wendell Phillips|
Wentworth Tech|Wentworth Inst.|Wentworth Institute|Wentworth|
Wesleyan|Wesleyan (CT)|Wesleyan, Conn.|
Wesley|Wesley (Del.)|Wesley DE|
West Alabama|West Ala.|
West Chester|West Chester State|WestChester(PA)|West Chester St|West Chester University|
West Coast Army|
West Coast Navy|
West Denver High|
West End Amateurs|
West Florida|Western Florida|West Fla.|
West Georgia|West Ga.|
West Liberty|West Liberty State|West Liberty St.|W. Liberty|
West Logan High|
West Point A.C.|
West Seattle A.C.|
West Seattle Agri|West Seattle Agricultural|
West Virginia|Wst Virginia|
Western Reserve|
Western Colorado|Western St.,Colo.|Western State-CO|Western State|Western St.|Western State(CO)|Western St, CO|Western St CO|Western St., Colo.|Western State Colorado|Western Colo.|
Westfield St.|Westfield St|Westfield State|
Westminster (MO)|Westminster, MO|Westminster MO|Westminster, Mo.|Westminster (Missouri)|
Westminster (PA)|Westminster, Pa.|Westminster PA|Westminster (Pennsylvania)|
Westminster (UT)|Westminster (Utah)|Westminster Salt Lake City|Westminster SLC|Westminster|
Westmont|Westmont College|
Wetumpka|
Wheaton (IL)|Wheaton (Ill.)|Wheaton IL|Wheaton College|
Wheaton (MA)|Wheaton (Mass.)|Wheaton|
Wheeling U.|Wheeling Jesuit|Wheeling|
White Sands|
White Squadron|
Whitman|
Whittier|Whittier College|
Whitworth|Whitworth Alumni|
Wichita State|Wichita St|
Widener|
Wilberforce|
Wiley|
Wilkes|
Willamette|Williamette|
William & Mary|Wilm And Mry|William and Mary|Wm & Mary|
William Carey|
William Jewell|Wm Jewell|
William Penn|
Williams Baptist|Williams Baptst|Williams Bap|
Williams Field|
Williamsport|
Williams|Williams (MA)|
Williston|
Wilmington (DE)|Wilmington Delaware|Wilmington|Wilmington (Del.)|
Wilmington (OH)|Willington, Ohio|Wilmington, OH|Wilmington OH|Wilm'ton,OH|Wilmington (Ohio)|
Winchester|
Windsor|
Wingate|
Winona St.|Winona St|Winona State|
Winston-Salem|Winston-Slm|Winston-Salem State|Winston Salem State|Winstom-Salem State|Winston-Salem St.|W Salem St|
Winthrop|
Wis.-Eau Claire|Wisc-Eau Claire|Wisconsin-Eau Claire|UW Eau Claire|Wis-Eau Claire|WI Eau Claire|
Wis.-Green Bay|Wisconsin GB|Wisconsin Green Bay|Wisc Green Bay|WI Green Bay|UW-Green Bay|Green Bay|
Wis.-LaCrosse|Wisc-LaCrosse|Wisconsin-LaCrosse|UW La Crosse|Wis-La Crosse|Wisconsin-La Crosse|WI LaCrosse|
Wis.-Milwaukee|Wisc-Milwaukee|Wisconsin-Milwaukee|WI Milwaukee|UW-Milwaukee|Milwaukee|
Wis.-Oshkosh|Wisc-Oshkosh|Wisconsin-Oshkosh|UW Oshkosh|Wis-Oshkosh|WI Oshkosh|
Wis.-Parkside|Wisconsin-Parkside|UW-Parkside|WI Parkside|
Wis.-Platteville|Wisc-Platteville|Wisconsin-Platteville|Wisc-Plattevle|Wisc-Platteville|UW Platteville|Wis-Platteville|Platteville|WI Platteville|
Wis.-Riv. Falls|Wisc-River Falls|Wisconsin-River Falls|River Falls|UW River Falls|Wis-River Falls|UW-RiversFalls|WI River Falls|
Wis.-Stevens Pt.|Wisc-Stevens Pt.|Wisconsin-Stevens Point|UW Stevens Point|Wis-Stevens Pt|Wisconsin-Stevens Pt.|Wis.-Stevens Point|WVU-Tech|WI Stevens Pt|
Wis.-Stout|Wisc-Stout|Wisconsin-Stout|UW Stout|Wis-Stout|WI Stout|
Wis.-Superior|UW-Superior|Wisconsin-Superior|WI Superior|
Wis.-Whitewater|Wisc-Whitewater|Wisconsin-Whitewater|UW Whitewater|Wis-Whitewater|WI Whitewater|
Wisc. Lutheran|Wisconsin Lutheran|WI-Lutheran|Wis Lutheran|
Wisconsin Alumni|
Wisconsin Frosh|Wisconsin Freshmen|
Wisconsin|Wis.-Madison|
WissahickonBrrcks|Wissahickon Barracks|
Wittenberg|Wittenburg|
Wm. Paterson|William Paterson|Wm Paterson|William Patterson|
Wofford|
Wooster|
Worcester A.C.|
Worcester Academy|
Worcester St.|Worcester St|Worcester State|
Worcester Tech|Worcester Polytech|WPI|Worcester Poly|Worchester Tech|
Wright State|Wright St.|
Wyoming Alumni|
Wyoming Faculty|
Wyoming Seminary|
Wyoming|
Xavier (LA)|Xavier (N.O)|Xavier-New Orleans|
Xavier|Xavier (OHIO)|Xavier (OH)|
YMI|
Yale Alumni|
Yale Consolidated|
Yale|
Yeshiva|
York (NE)|York|
York (NY)|
York (PA)|York (Pa.)|York (Penn.)|
Youngstown St.|Youngstown State|Youngstown St|Youngstwn St|
Yuma Field|
Oakwood|
Utah Valley|UT Val St.|Utah Valley St.|Utah Valley State|Utah Val St|
LSU Shreveport|Louisiana State-Shreveport|Louisiana St.-Shreveport|
PSU-Mckeesport|Penn State-Mckeesport|
Crossroads|Crossroads College|
SW Arizona|Southwestern (Ariz.)|Southwestern AZ|S'western (Ariz.)|
Si Tanka|Si-Tanka Huron|
PSU-Berks|Penn St.-Berks|Penn State-Berks|
Waldorf|Waldorf College|Waldorf (Iowa)|
Nebraska Chr.|Nebraska Christian|Neb. Christian|
Pratt|Pratt Institute|Pratt Inst|
Hood|
PSU-Kensington|Penn State-New Kensington|Penn St.-New Kensington|Penn St.-New Kens.|PSU-New Kensington|
PSU-Beaver|Penn State-Beaver|Penn St.-Beaver|
PSU-Fayette|Penn State-Fayette|Penn St.-Fayette|
PSU-Abington|Penn State-Abington|Penn St. Abington|
Lambdon|Lambton|
Sanford Brown|
Vennard|
Fisher|Fisher MA|Fisher College|Fisher College (MA)|
Chestnut Hill|
Keystone|
Moody Bible|Moody Bib|Moody|Moody Bible Institute|
W. Coast Bapt.|West Coast Baptist|
Texas-Tyler|TX Tyler|UT Tyler|
Pensacola Chr.|Pensacola Christian|Pensecola Christian|
Emmaus Bible|Emmaus Bib|Emmaus Bible College|Emmaus|
Sarah Lawr.|Sarah Lawrence|
Wesley MS|Wesley (Miss.) College|Wesley (Miss.)|
Wm.son Trade|Williamson Trade|Willamson Trade|Williamson|Williamson Trade School|
Temple Baptist|Cincinnati Temple Bapt.|
Moorehead|
Crown (Tenn.)|
Franciscan (OH)|Franciscan|Franciscan (Ohio)|
Franciscan (PA)|Franciscan (Pa.)|Franciscan-Steubenville|
Valley Forge|Valley Forge Christian|Val Forge Chr|Valley Forge Christian College|Valley Forge Chrst.|Valley Forge Military|
Lancaster Bible|Lancaster Bib|
Boston Baptist|
N. Central MN|North Central (Minn.)|North Central MN|
Andrews|
Christendom|
Cincy Bible|Cincinnati Bible|Cincinnati Christian University|Cincinnati Christian|Cincinnati Christian Col.|
Davenport (MI)|Davenport|Davenport University|Davenport (Mich.)|
La Sierra|
Marygrove|Marygrove College|Marygrove Coll.|
Mt. Mercy|
Roanoke Bible|
U. of Mary|University of Mary|
STL Pharmacy|St. Louis Pharmacy|St Louis Pharm|St. Louis College of Pharmacy|St. Louis Coll. of Pharmacy|St. Louis College of P|Saint Louis Pharmacy|
Seton Hill|
IU East|
Bennett|
Agnes Scott|
St. Catherine|St. Catharine|Saint Catharine|
Wesleyan GA|
Cedar Crest|
Immaculata|
Mount Holyoke|Mt Holyoke|
Wellesley|
Hood|
Mary Baldwin|
Chestnut Hill|
Notre Dame MD|
Trinity DC|
Wilson|
Chatham|
Rosemont|
New Rochelle|College of New Roche|
Mt Mary|
Russell Sage|Sage|
Bay Path|
Meredith|
Smith|
Peace|William Peace|
Simmons|Simmons Bible|
St Joseph CT|St. Joseph (Conn.)|
Pine Manor|
R Morris Spfd|
St Mary-Woods|Saint Mary-Woods|St. Mary of the Woods|
Paul Smith|
Ursuline|
William Woods|
Bryn Mawr|
Hollins|
Wheelock|Wheelock (MA)|
Alverno|
Wm Penn|
Spelman|
Stephens|
Lesley|
St Mary's IN|
St Elizabeth|Saint Elizabeth|
Blue Mtn|Blue Mountain|Blue Mountain College|
Marymount NY|
Saskatchewan|
Silver Lake|
Carlow|Carlow PA|Carlow University|
Judson IL|Judson Ill|Judson|Judson Coll.|
Penn State-DuBois|Penn St.-Du Bois|
Maryland Bible|
Latin Amer|Latin American College|
Florida Christian|Fla. Christian|
Sault|Sault (Ontario)|
Hesser|
Heritage Baptist|
Penn College|Pennsylvania Tech|Penn. College of Tech.|Penn Tech|Pennsylvania College|Penn Col Tech|
Indiana East|Ind.-East|
Bethany Lutheran|Bethany Luth|
Messenger|
Columbia Bible|Columbia (BC)|
Wright St.-Lake|Wright State-Lake|
Logan Chiro.|Logan Chiropractic|Logan|
Mitchell (CT)|Mitchell|
Barclay|
Philly Trade|Philadelphia Trade School|
Shawnee Baptist|
Pillsbury Bible|Pillsbury Baptist|Pillsbury Baptist Bible|Pillsbury|
Davis|
Faith Baptist|Faith Baptist Bible|Faith Bapt. Bible|
Marion (OH)|Ohio State-Marion|
William Jessup|
Golden State|Golden St. Bapt.|Golden State Baptist|Golden State Bible|Golden St. Baptist|
Kent-Trumbull|Kent State-Trumbull|
Kent-Tuscar.|Kent St.-Tuscarawas|Kent State-Tuscarawas|Kent State Tuscaraws|
World Harvest|World Harvest Bible|
Parker|
San Diego Chr|San Diego Christian|San Diego Christ.|
Corban|Corban (Ore.)|Western Baptist|Western Baptist (OR)|Western Bap|Corban College|
Ashford|
Urbana (OH)|Urbana (Ohio)|
Monterrey Tech|
Champion Bapt.|Champion Baptist|Champion Baptist College|Champion Christian College|Champion Bap|Champion Christian|
Patrick Henry|Patrick Henry College|
Morrisville St.|Morrisville State|SUNY Morrisville|
Myers|
Ecclesia|
U. Regiomontana|Universidad Regiomontana|
Great Lakes Chr.|Great Lakes Christian|Great Lakes Bible|Great Lake Christian|
NW College|Northwest College|Northwest Coll.|
S. Australia IS|South Australia Inst. Sport|
PSU-Delaware Co.|Penn State-Delaware County|Penn St.-Delaware Co|
PSU-York|Penn State-York|Penn St.-York|
PSU-Brandywine|Penn St.-Brandywine|Penn State-Brandywine|
Central Chr (MO)|Central Christian (Mo.)|Cent. Christian (Mo)|
Boyce|
McMaster|McMaster University|
SE Bible|Southeastern Bible|
Clearwater Chr.|Clearwater Christian|
PSU-Allegheny|Penn St.-Greater Alleg.|Penn St.-Greater Allegheny|Penn St.-Greater Allegh.|Penn St-Gr Allegheny|PSU-Greater Allegheny|Penn State-Greater Allegheny|Penn State-Allegheny|
NW Ohio|Northwestern Ohio|Northwestern OH|
Regis (MA)|Regis (Mass.)|
SUNY-Canton|Canton St.|
Waterloo|University of Waterloo|
Afghanistan|Afghanistan National|
Algonquin|
Randolph|Randolph College|Randolph Col|
Rogers State|Rogers St.|
Providence (Can.)|Providence (Canada)|
Ohio Chr.|Ohio Christian|
Thompson River|Thompson River University|Thompson Rivers|
Portland Bible|Portland Bible College (OR)|
Kuyper|
Crowley Ridge|Crowley's Ridge|
Lakehead|
SUNY-Cobleskill|SUNY Cobleskill|Cobleskill State|
Vaughn|Vaughn College|
Berkeley-GMtn|Berkeley-Garrett Mountain|
PSU-Mont Alto|Penn St.-Mont Alto|
Bendigo|Bendigo Braves|
Amer. Sports|American Sports|American Sports University|Amer. Sports U.|American Sports Univ|
Red Deer|
Johnson Bible|Johnson (TN)|Johnson|Johnson (Tenn.)|Johnson Univ (TN)|
Queens (Ont.)|Queens (Ontario)|
Lethbridge|
Culinary Inst.|Culinary Institute|Culinary Institute of America|Culinary|
Truett-McConnell|
St. Thomas (TX)|St. Thomas (Texas)|St. Thomas (Tex.)|St Thomas (TX)|Saint Thomas (Tex.)|
Lady of the Lake|Our Lady of the Lake|
Pitt-Titusville|
John Abbott|
Sagrado Cor.|Universidad del Sagrado Corazon|
Metropolitana|Universidad Metropolitana|University of Metropolitan|University Metropolitana|
Toronto|
Briercrest (Can.)|Briercrest|
Arlington Bapt.|Arlington Baptist|Arlington Christian|Arlington Baptist College|Arlington Bap|
Prov.-Manitoba|Providence-Manitoba|
Central PA|Central Pennsylvania|Central Penn|
Roosevelt|Roosevelt University|
Young Harris|
Lourdes|
Victory|Victory University|
Pacifica|
Redeemer|
Niagara (ON)|Niagara (Ont.)|
Ave Maria|Ave Maria University|
Tsinghua|Tsinghua University|Tsinghua University (China)|
New Hope Chr.|New Hope Christian|
WV-Parkersburg|West Virginia-Parkersburg|
UC Merced|California-Merced|Cal State-Merced|
Point|Point U.|
Coastal GA|Coastal Georgia|Coastal Georgia Mariners|
Capilano|
Ohio M'western|Ohio Midwestern|
AIB Business|AIB College of Business|AIB College|
Laconia|Lakes Region CC Laconia|
Indiana-Kokomo|Ind.-Kokomo|IU Kokomo|
CalSt-San Marcos|Cal State-San Marcos|CS San Marcos|
Quest|
SUNY-ESF|
Arizona Chr.|Arizona Christian|
Alumni|
Bahamas|College of Bahamas|College of the Bahamas|
Oglala Lakota|Oglala Lakota College|Oglalla Lakota|
Kwantlen|Kwantlen Polytechnic|Kwantlan|
Algona|
Trinity W.|Trinity Western|
Brock|
Thad Stevens|
Oklahoma Chr.|Oklahoma Christian|Okla. Christian|
NW Indian Coll|Northwest Indian College|Northwest Indian|NW Indian College|
Cairn|
Douglas|Douglass|
Bob Jones|Bob Jones University|
Bishops Univ.|Bishops University|
Guelph|Guelph University|
Bethesda|Bethesda University|Bethesda Christian|Bethesda (CA)|
Faith (AR)|College of Faith (Ark.)|Faith|College of Faith|
Mid-Atlantic Chr.|Mid-Atlantic Christian|Mid-Atlantic Christi|Mid-Atlantic Christ.|
Sheridan|
DeVry|
Valor Christian|Valor Christian (Ohio)|
Oak Hill Chr|Oak Hills CC|Oak Hills Christian College|Oak Hills Christian|Oak Hill Christian|
EMCC|
Ohio Eastern|OUE|
King's (NY)|
Dayspring Bible|Dayspring Bible College|Dayspring|
Georgian Court|
Florida National|Florida Natl|Florida National University|Fla. National|
Open Bible|Open Bible College|
Columbia Int'l|Columbia International|Columbia International (S.C.)|Columbia International University|Columbia Internation|
Dalton State|Dalton St.|
Vancouver Isl.|Vancouver Island|
Cent. Ohio Tech|Central Ohio Tech|
Bryn Athyn|
St. Katherine|Saint Katherine|Saint Katharine|St. Katherines|Saint Katherine College|Saint Katherine's|
Webb Inst.|
PSU-Worthington|Penn St.-Worthington Scranton|Penn State Worthington Scranton|Penn St.-Worthington|
Oxford Emory|
The New School|New School|
Chattahoochee V.|Chattahoochee Valley CC|
Jamestown Olean|Jamestown - Olean|
St. John's Canada|St. John's (NB) Canada|
Dalhousie|Dalhousie AG Canada|
Cedar Valley|
Grace (NE)|Grace (Neb.) University|Grace Univ. (Neb.)|Grace (Neb.)|
Piedmont Intl|Piedmont International|
LSU-Alexandria|
Bristol|Bristol University|Bristol (CA)|
Thomas (GA)|
Queen City Chr.|Queen City Christian|
Middle Georgia|Middle Georgia St|Middle Georgia State|
R. Morris-Peoria|Robert Morris-Peoria|
Algoma|
Landmark|
Camosun|
St.Francis-Bklyn|St. Francis Brooklyn|
Humber|
SW New Mexico|Southwestern New Mexico|
New Bruns.-St J|New Brunswick-St. John|University of New Brunswick-St. John|
Crandall|
TX Rio Grande|Texas Rio Grande|UT Rio Grande Valley|Texas-Rio Grande Val|UTRGV|Texas-RGV|
New Eng Bapt|New England Baptist College|
Antelope Valley|University of Antelope Valley|
Benedictine Mesa|Benedictine (Ariz.)|
North American|North American University|North American U.|
Cal Miramar|Cal Miramar University|California Miramar|California Miramar University|Calif. Miramar|Miramar University|
Welch College|Welch|
Turabo|
Governors State|Governors St.|
Future Coll.|Future College|
Oglala|
Central Int'l|Central International|
W. Ontario|University of Western Ontario|
Benedictine (CA)|Benedictine (Calif.)|
Ryerson|
SUNY Delhi|
Randall|
Dine|
Kansas Chr.|Kansas Christian|
Yellowstone Chr.|Yellowstone Christian|
Langara|
Keiser|Keiser University|
Fraser Valley|
Free Lutheran|Association of Free Lutheran Bible Seminary|Association Free Lutheran|Association Free Lutheran Bible School|Free Lutheran Bible College|
Westcliff|Westcliff University|
Fairhaven Bapt.|Fairhaven Baptist|
Ottawa (AZ)|OUAZ|
Providence (MT)|Providence (Mont.)|Univ. of Providence|
Carolina Chr.|Carolina Christian|Carolina|
Touro (NY)|Touro|
Bay College|Bay de Noc|
SE Baptist|Southeastern Baptist|
Regent U.|Regent|Regent University|
BryantStrattonR|Bryant & Stratton of Rochester|Bryant & Stratton - Rochester|Bryant and Stratton|
BryantStrattonB|Bryant & Stratton - Buffalo|Bryant & Stratton of Buffalo|Bryant & Stratton|
BryantStrattonO|Bryant & Stratton (OH)|
BryantStrattonA|Bryant and Stratton Albany|Bryant & Stratton - Albany|
BryantStrattonS|Bryant & Stratton-Syracuse|
BryantStrattonL|Bryant and Stratton-Liverpool|
PSU-Shenango|Penn State Shenango|Penn St. Shenango|
Pontifical C.|Pontifical Catholic|
Miss. U. Women|Mississippi University for Women|MUW|
LA Divinity|Los Angeles College of Divinity|University of Los Angeles|
Gogebic|Gogebic College|
St. Clair CC|St. Clair County Community College|
American Indian|SAGU American Indian|
TAMU-Texarkana|Texas A&M Texarkana|
Riverland|
Manor College|
Bushnell|
Converse|
TN Southern|Tennessee Southern|Tenn. Southern|
Spurgeon Coll|Spurgeon College|Spurgeon|
U Health Sci|Univ. of Health Sciences & Pharmacy|University of Health Sciences and Pharmacy|
Lincoln (CA)|Lincoln (Calif.)|
Fort Lauderdale|U of Fort Lauderdale|
Clinton (SC)|Clinton|
Park-Gilbert|
LA Christian|Louisiana Chr.|Louisiana Christian|
